GenotypeID,Yield_NEmean,Yield_MImean,Yield_NEpredicted
LH119,778.649432332236,473.250961867816,708.627363319104
IDS69,237.533393546008,271.759395607782,277.42892385828
H121,475.925490304924,411.22742035421,435.741910940831
LH57,504.490456785688,416.286736460758,538.569975646711
SD102,531.46566221406,564.220012447892,551.842122078249
WIL500,295.850053934467,385.379190829256,320.044218917796
W37A,656.338507901729,476.98570616242,582.81031480974
4554_INBRED,247.461215863364,286.730085259768,272.359216533703
PHG84,278.191675753907,308.860816707076,331.685000552355
R181B,454.3970424141,487.43268994381,533.935213736923
NC290A,275.464143325141,656.791901570108,332.245153006389
LH193,818.019556687978,575.121640306816,731.92310838164
Mo1W,509.436047044683,365.193121771776,507.099025761575
H105W,492.593419994704,413.25428693254,529.337854790192
DK8M116,579.768962709824,678.885424337942,556.209126030656
PH5HK,813.348363020172,817.891580854008,717.952838210153
CML_228,667.425363589545,526.0089223841,663.325466137228
PHG86,519.769305217929,530.445784357736,548.066888623781
W812G,472.276342137029,547.338409526444,493.342507569307
PHW17,698.022511108031,555.395840000118,683.401297169034
B14A,486.259322217038,511.865928820358,508.814078484885
DE2,626.060345022799,692.236337379612,549.595377777159
4722,277.544398305842,266.918935615006,323.027631297229
CO258,462.68147656094,623.800171299258,480.010575723967
DKPB80,655.894255653008,682.641146649464,644.6264986758
W9,419.808325037709,300.762385925898,457.042233630217
PHR25,455.847794789373,713.28278985989,462.680798137739
LH196,761.364970675406,608.356742008458,696.327283516907
LH164,526.106404684833,468.66258770721,526.807274398982
N209,634.290830257691,638.1843615632,620.725133698026
W32,544.887633943973,421.428302753026,535.667305281496
A12,317.341238868181,239.744686971502,401.491253303147
NS701,737.204477682896,538.166113992836,674.925571170625
NC250,445.465645808164,359.374130000694,451.282562804647
YELLOW_3-4,297.08419389422,342.59756327981,358.659564039358
B104,538.745553025082,607.488576131522,536.855491142457
Va52,429.617429180218,496.698397118216,473.289740692115
Pa880,349.9334572365,399.967807566106,387.721250609437
HP301,238.535732668498,192.305186537043,310.922547306589
Oh7,479.13373967907,500.546148392432,446.901272870395
W817G,634.810483872459,606.640124553766,591.627896810496
CS405,680.915284096353,620.678071264072,659.784100847973
CI_28A,423.516020095961,555.282764549878,459.804559235763
N523,502.428325037317,549.982477459768,515.410676508292
MS67,382.100993944107,336.715481937752,384.853197844914
MS142,493.646349254108,454.164390715816,463.586115321914
PHTD5,492.473326162244,455.320605562438,476.978671024553
GE129,258.402604990134,146.274280442355,310.474222601596
Pa468,353.994178196636,460.601866208394,416.450016105208
CO158,435.155350837593,433.2914577347,433.760409110029
Va35,478.711227146133,705.265521761332,525.103575274617
ND265,447.314268864433,428.096887822366,440.763627636003
Pa891,510.57251199905,549.907746672246,480.848876058542
H95,388.121320455649,325.79678024935,423.635885597902
LP5,631.363684261304,529.788496256306,629.170438179814
Hi26,139.016431283086,373.891900560508,265.563323505732
CH711-10,768.538942745691,526.933991278298,704.580161222069
Yu796_NS,527.165913656619,377.151902946876,548.103902408692
A680,544.079201893137,510.270990075646,578.201102413765
PHVJ4,466.89933254351,546.3239779973,502.0724648173
MS72,403.448717550004,424.291331701294,487.680923119432
A427,203.769705895804,457.372188836492,349.817651472904
KUNG-70,371.039403436183,425.606009232148,385.461277159795
CM37,308.219417892251,270.767145139262,322.176283882531
FBLA,596.552336541191,540.40131453577,609.839178827916
LH210,535.966492530897,580.088228632588,540.11214172173
Mo13,322.205358306775,293.242947566154,344.033307798185
MS224,509.469947072611,433.357413456956,477.321671237192
2FACC,615.780261642565,616.912442840962,625.624877979117
PHJ33,705.851739454495,542.43600295739,630.021927075436
R229,418.022676470739,474.477385598184,504.930776348836
PHBW8,897.773498602499,778.559024396318,751.184089531376
Tx303,465.356922083592,227.650928060636,389.71599317359
Sg_1533,330.319269178512,262.75060076514,349.562976668898
LH183,425.542578298264,529.551101721138,497.081917234997
N534,553.577576605769,546.566919113132,536.394628232758
IBB14,632.05436397608,462.900674485842,606.609979179369
B7,352.61568809277,279.681262319182,363.660212561677
LH208,370.245499360101,419.09975744451,462.224552974743
A374,474.252448381892,448.830259603552,477.330382406318
78551S,754.437776070133,588.983676258082,704.229373674741
KO679Y,633.631888798077,510.917174065772,570.510792971232
ND246,344.462361359519,327.716930490664,365.650895192677
A659,564.004795521721,567.550296822916,559.554983957037
LH60,657.791249055324,546.198056656648,616.182840778814
38-11,388.614324509154,488.650987668902,361.807540723748
N200,457.685402639363,481.383655426132,470.724623458291
PHG39,497.305437899543,525.501677608184,557.79487289753
LH220Ht,553.688753315225,373.321551914268,561.326649536423
Bei_10_=_North_10,552.479411380299,661.460008944726,595.965377231394
NC302,375.624192565703,412.121934587522,412.099697578924
A572,520.986037519788,398.897538661524,498.039785778155
OS602,531.551298442347,500.462015475936,555.932057001098
F115,284.259576856836,222.922876294552,326.862727490493
Mo24W,561.685141712637,311.949215289196,466.889723068044
PHN82,656.732874422934,812.458585077304,628.489131296683
N28Ht,615.935775777348,652.611241340404,575.560352103893
H5,454.425682045846,493.707167722466,475.507992173685
PHN11,744.927902189649,519.415684447896,646.248663914327
B108,447.904677191917,481.132945663822,468.200855317908
6F629,469.062569082595,416.913436099026,520.776649561388
LH82,520.88350978369,577.340618911564,513.443197487225
NC294,553.819445482487,601.274938090128,542.001729948076
LH132,663.894220975469,682.937275142384,642.344026252837
MS106,463.870269371428,358.172446624282,454.06203334343
ICI_193,721.589702484296,660.799386711962,665.891439504771
2369,792.811829525673,685.505571340658,715.239783999513
LH194,516.950975610031,578.438124200734,543.287988026117
11430,551.988611104221,756.553813588222,593.259026354669
PHN41,657.411844896998,560.383562377752,618.061352614756
W602S,415.273220799207,359.786644870078,463.011160044575
A682,700.579356022481,550.481540783172,645.890131959027
LH191,841.706840151083,864.769637547122,739.165489020862
IDS28,76.5073408732172,264.728994981814,213.801419358942
A797NW,194.18701807432,159.318166690324,280.429754422208
DE1,624.476648235073,507.789490175982,564.351656541185
PHFA5,580.965034012976,605.879963306672,543.2151354754
LH186,733.502279782056,717.954398659578,669.257435625205
4F-234_BX_4,455.774814705223,532.538959823022,472.780173461597
MS223,536.292597372876,496.832604175874,541.765164282744
A654,414.396174385071,432.219924705628,428.870848061607
CQ702RC,573.937085097107,452.30208403346,574.257498182686
NKNP901,716.938638297531,623.12338279574,681.071995315063
W810G,282.646245113277,458.580746630258,366.929550549281
MS71,522.978636001002,326.225096964698,552.2915612988
W552,488.090202410556,494.67331465681,495.754810825655
NK794,591.157531209026,623.020936547728,584.47355335292
PHZ51,488.257544506384,465.194627650844,516.383512879445
SD15,674.446170186897,469.914607137358,641.255749333804
PHR55,471.781048886246,639.717951551608,500.865510980856
W182E,402.989821186244,437.209146745284,434.555290021403
B90,489.479774085675,479.578071449268,513.027809321424
PHP55,835.362916564784,618.73202630424,734.339783990809
PHJ40,595.248540519359,467.263967436668,563.491219127903
PHEM7,392.601580806767,404.59260625463,392.866922273303
A,320.940320340872,225.394913728592,363.917564115032
H122w,580.748381510666,557.762455687836,562.411536056184
LH165,598.713160499259,386.799069392968,532.511700082409
A96,372.491715182789,361.296295278162,378.387681309018
B84,524.615349057283,521.593302765506,517.44442206633
LH167,630.39538265516,549.396832089588,617.776039676251
CI_540,10.420041722471,323.330170157778,157.683181945142
R101,337.24670654615,398.6572260378,402.151649603156
NC13,171.461273373985,167.246031238675,263.007357112228
Il14H,397.086926972541,271.386567854596,455.438770707876
DE3,507.777847475005,591.965437089252,534.078246305317
LH160,378.605823794767,449.682417603246,414.459107809974
AS6103,618.569480319531,577.056957339222,586.841315603493
NQ402,683.011429574285,586.29097279859,665.837215637611
ZS01250,432.021226112672,516.551619256146,460.814364672775
LH184,516.062476466772,576.512204579644,542.302234797736
ICI_893,543.052551952345,606.299666515458,531.988119316708
LH149,737.052772062017,546.644608257766,660.384433746424
W813G,553.669251297373,495.171826128602,573.194118964032
Va59,430.812449844167,604.138582891018,436.825576567677
LH52,530.823802541433,546.593955174642,536.930848800236
LH216,694.342899599595,691.409782220584,641.327264949184
A508,360.171724170431,285.455944089056,396.361098255643
PHV37,714.636948646496,544.923820673202,674.90889884965
911,538.335166028837,535.80856969403,528.585991565079
PHK93,506.343957310142,598.721064341082,477.943385639052
DKMBZA,647.260711736188,481.316392594008,543.853092002416
ND287,265.796651164194,224.685592760692,297.710219562211
Mt42,283.381892259202,328.057573192002,303.902932446746
DK84BRQ4,413.484678157486,627.245916059658,516.806276110761
Chi-tan_120,479.472452273883,402.907979885136,509.151149087425
PHP02,687.953480634498,559.94020144197,643.590356415759
INB_101LFY/LFY_(A632_X_M16_S5),309.289575024117,427.720306213752,331.253579129105
B101,432.59344152339,181.686265323649,403.6691499907
W814G,425.697059845572,498.436369917166,424.89379224773
A321,550.075771092533,282.594175514668,552.84437156811
Ia453,322.874662388437,312.143327992356,342.49295587204
K4,249.360132941744,298.703363733168,300.613089865126
MEF156-55-2,62.6055504684631,150.34718706248,194.268227802438
NC326,608.066144712829,530.94422472244,562.509561867585
PHT55,526.351977149648,457.446124655306,525.985509731015
B57,558.422383474394,447.23719296583,526.578339492503
A627,528.67646615185,383.257888206742,518.096328771655
N545,416.479873003738,533.522491598926,434.083308560171
PHM10,543.050967963848,537.572461907044,567.239518721335
A401,518.460356488427,386.784382054784,512.332200016318
K150,519.71927233665,333.115498226486,510.624427292025
PHV07,502.727276121222,578.089358341274,542.866122514232
LH200,658.543443972384,618.811097341722,641.138065981771
Mo15W,427.07205166368,290.848597750992,443.28267188977
LH39,492.205120833825,434.764599411806,544.669232593864
N540,554.847223807948,507.512353457898,527.112820530069
764,460.392491223736,418.094036416108,484.075081471363
CH753-4,479.685898926119,433.074209093924,499.724565347044
N527,397.22845265463,428.359566989034,401.488080457735
NORTH_7,536.789569908371,365.478397782028,523.176048131587
CML_91,316.770230195643,305.651422182372,335.508435223906
NK807,473.69782613204,467.084268453856,513.577952582925
WR3,365.851442843202,484.802487578342,423.151853077423
AusTRCF_306238,651.41474071267,633.61863358154,599.344956855381
B10,512.702001526736,267.597160251074,463.433598095871
Il778d,343.927784736182,469.230294587242,411.620021648556
NC264,553.216354180119,522.634650967488,495.996774756252
DKMBUB,610.94023530958,659.722822274066,601.445045812275
LH217,589.649308043024,602.632087354592,588.637076103196
Va22,472.654657293219,512.180988271118,475.685772632736
PHG80,596.787301572238,668.238832612802,584.894297441167
A632,585.153649782213,397.643457534686,572.000497479778
Ia5125B,425.846846595537,252.395096216692,419.445599356457
ZS635,743.644954323022,421.969955606732,666.483988865495
PHBB3,556.889239641486,707.985629645496,570.060170235197
B73Htrhm,643.508988051478,632.823635863506,659.555198809192
LH38,693.742733854274,498.192039301066,650.932046906338
NO._380,312.734996872403,264.896157338406,324.590461041651
CML_108,248.563294351898,9.46728996851914,375.506656328197
91IFC2,550.844767403477,459.157936514792,552.923395657047
B64,337.738051763374,473.057045968864,385.515982941069
PHR03,556.641157852899,648.383343674238,518.840366255391
WIL903,986.139259445893,661.853607862722,800.530963370126
A556,472.46191774522,371.107381296598,471.742516384419
LH146Ht,501.646017699723,368.741883782502,534.98156679808
NC362,324.86698980529,525.651346765638,393.088193981293
ND283,226.289805126242,187.53484868648,310.095610485796
NC324,238.137212307384,190.051369006358,326.042889355252
NQ508,421.653779133589,524.892332578462,490.812290474879
LH61,636.3963200926,559.121794589662,595.563057278241
LH51,709.749991429926,649.072102912622,672.158927991395
NC340,323.270740764833,284.427379672892,335.553288600589
PHTE4,507.532721997641,529.563008739122,514.080165294346
B91,326.159544993596,396.17994287067,398.247436757999
MBST,696.237940470026,836.466728119136,649.389960899708
DK78010,581.644430386706,486.860677020834,586.151043499332
NC342,549.276946814773,432.21005627379,556.935004022396
B52,319.937485456078,403.820454662608,362.035894898125
ICI_581,548.820676818247,529.997445170472,572.18914654262
W22,471.334059151201,427.828368386662,484.325214732114
R197,533.724956731606,444.069479346632,535.939266407446
DK3IBZ2,426.587268696856,486.191746304202,442.387288831304
F118,598.82512948881,511.462883361578,536.871699013409
B75,548.952217122139,789.603172152086,576.122406845536
B99,466.343753737206,478.051700337936,450.379378326718
DK6F545,544.324423005962,651.261986922832,561.408979257265
PHR62,789.976435148267,680.040449458512,720.57050958979
CI_3A,386.905588734036,152.877656008325,405.770120524384
A672,548.63811696298,420.2574790195,547.516509605461
C102,508.38118018677,358.393669481242,522.719424932896
904,553.412135414449,527.119866330902,508.016570616045
SD101,568.484554069761,448.596250408256,568.733818552069
N501,349.39157428486,394.104585220468,482.376185659765
LH145,510.285479206203,338.607902842388,507.234467692738
NC318,373.48170228236,299.920841422722,384.12243034426
CO192,375.531998142891,291.129752678942,412.398782641302
LIBC_4,645.891877373255,467.839739482462,611.545510015536
CL17,17.5016858600324,155.186916187339,123.668862420959
A340,449.402895650939,313.459723098406,459.067119935667
A71,543.113239110333,322.668390137486,538.506798509541
LH195,644.53086577596,549.982611640746,617.006964466025
A258,454.044020732005,341.897324584714,515.165624607925
DK3IIH6,619.456614784172,614.592708231148,567.364484592033
PHP76,635.967139661199,511.307291035908,619.282837595685
L317,366.992094615766,224.81309731241,371.400218403061
A322,652.124540929557,412.756541005562,584.569249128467
K55,573.266910126513,270.530752818912,524.097930061113
W182BN,461.157306197218,494.364110516952,461.164738394566
A415-1-3_INBRED,266.853011432679,425.089051484064,343.637578163544
29MIBZ2,605.394915561733,537.63997708165,584.396667448446
ND251,334.295969835098,239.143744047412,314.83041950397
F2834T,490.61492545765,342.291925163852,452.337866805976
W153R,545.184275509742,513.086883167644,445.766357026406
A155,414.356050543409,384.143943651236,436.628616298283
A635,496.060461143234,318.074976821702,510.227186280648
W24,541.677189587581,481.185124925434,538.782625037422
LH252,387.73918237764,395.742325944224,404.363329338303
ND262,419.81928016876,385.13589483273,361.682627115864
LH74,570.365332608135,385.223215389594,579.505730328423
MQ305,508.652446829505,657.649325849424,520.746119336835
R71,367.61968907041,416.31198497001,410.488016821661
H110,369.766579365109,334.343616121664,359.923972562239
PHR31,698.065878394389,656.510209062762,661.161070865318
PHN46,512.351158135214,459.24402330892,526.803676984024
PHT77,676.224326838687,728.872639659684,664.608498953824
LH222,576.829591242194,421.454404056676,560.384555304045
NC338,286.647424867856,214.893020295186,318.38703580708
LH59,748.270914257443,497.264253901238,684.587524426781
INBRED_2-687,337.515985508438,247.110933574254,360.156438158048
CO256,230.984129459657,180.10438645079,339.276200803492
PH207,589.862189490645,451.735912839064,576.388311771816
B85,537.51712844338,451.57594474307,551.485206704739
NC260,432.003426809262,410.624034407764,432.432876265056
N538,497.664061954975,542.414362615936,507.483112900241
PHR58,797.054002874972,732.083423730274,709.276255219147
MBPM,507.511045415486,355.889660106298,545.1971423783
PHN34,501.731727961339,335.394189554806,520.607204108986
DKWDAD1,619.25184994105,579.9667484567,615.411641641509
K47,315.750393045823,198.746008556758,384.868724715701
L_155,553.391090605985,551.491989599522,551.323326604097
R53,352.159283575632,305.235639135538,369.704940341934
B-28,295.055376389317,288.853008134804,367.32891434425
LH199,693.802105502796,647.379828354802,667.948341117681
PHK46,502.713051080649,521.343179150686,478.896462596394
MS222,636.631995687239,588.398144123792,613.239958610129
NC348,348.997054193791,339.180085142144,401.43142522136
LH224,515.372806936812,433.541930129764,558.531929386977
B76,516.856977292981,608.11277216326,558.884012854233
G3_T5a,184.711982414301,117.419435300836,229.085910084725
N217,507.714305041186,514.981360960904,510.88131180621
Wf9,860.833793215201,513.805262289596,732.168863390579
R78,505.889176407973,470.75259075387,475.571631577435
K201,646.715413726638,343.648419981768,546.154094480462
T8,461.229973337115,363.820485447812,468.668126317657
DKHBA1,563.469347950614,591.297968320904,561.095451956998
2FADB,710.215110390403,500.687719600758,681.681298140811
B66,521.30135467559,502.776350294606,571.240497692636
PHM57,526.784748611261,546.573238685336,518.204854519521
MS132,426.952715931421,320.320065382676,452.568017374312
LH156,490.40286790635,554.966116091488,485.046691932723
PHV57,664.301631068171,580.399466996186,632.488682341634
PHT11,729.588009095219,548.739386187832,684.244406747309
NC306,538.889495758486,484.840809280986,516.002215294625
CML_154Q,510.340098361942,404.174728541776,422.591899242276
SD40,680.72699873532,674.42623957214,642.640351601143
IBB15,570.004908429661,478.98583764012,570.760711481864
B65,461.422693958524,503.329849070372,499.318983039691
F7,198.891475939547,211.307992378174,227.198361796221
Pa392,509.423480888723,384.406112930442,535.092181476525
YE-CHI-HUNG,314.292971699905,446.917341748426,390.364810309567
Mo23W,254.971699364335,106.815497787009,302.311111413875
WIL901,480.671234371819,616.43595746026,535.315721636191
C123,561.131582239255,572.8186477456,516.324056005592
PHJR5,783.702223136597,510.41265165084,739.976577993648
K64,635.014563162667,656.075000506822,558.960888436208
Huobai,705.279921221686,216.512816453144,606.739004093627
6M502,721.800684311843,525.082566992756,654.81784384689
S_56,262.727430093288,321.303486750604,269.615095917479
A3G-3-3-1-313,339.356920213654,339.814673817926,344.87969334105
LH188,658.875696384048,621.297622651316,644.618036771427
YING-55,442.275121263514,458.785289313964,492.36452159455
K155,529.511701303363,456.71159079481,460.840606437014
F42,737.412629539974,444.084303848928,664.903687200098
N7A,546.111493560895,638.641792471002,516.104829017462
B88,151.975772208724,37.3187295459338,260.73399372308
4578_INBRED,489.156665709437,570.604749492094,477.989234161628
LH93,514.357937012578,486.124182346826,527.433347771168
A662,462.41441506191,453.712547438722,433.984048949599
OQ603,521.325037828532,478.379420787122,533.706024457456
Va102,532.644383362023,540.962612832572,555.799019154177
Oh43E,488.872110530632,482.757410009846,527.074916655941
OQ403,463.540061351893,340.581444909358,458.253242448612
IA2132,206.476475095015,230.854736410694,225.842670752568
A674,468.775957955637,465.865042779972,533.016006154658
A661,495.037510818688,436.610477978372,500.507781571161
PHAW6,675.440498478154,741.237312872726,644.263504882073
PHW20,615.273110955849,381.774062226604,613.820352674209
PHM81,500.381864116971,387.267878772508,435.209608762417
ND247,162.859061921153,110.284743047112,233.111815644457
33-16,311.602124947666,194.887687821764,353.457821057351
Va38,671.038716729608,443.077154837992,612.465889645867
DKIB014,531.11342796384,464.201851365074,550.376336807364
CI_91B,781.723115804604,601.699743072368,655.738351147047
W604S,507.134595356871,555.09876859852,544.824119678164
DKMM402A,449.34074170055,646.809428670016,471.104926875234
PHG83,627.019666557788,630.461045199346,614.122989762828
H124w,397.564758228846,380.415457806662,448.959246205809
A679,743.794450427267,640.05078580149,706.621619703561
NC298,340.748590147354,293.801280422398,359.79896564701
PHP60,475.066736323455,603.28542128178,410.366056261421
CQ806,539.339015100236,563.723167434646,556.872683487058
PHT69,747.676605028557,862.598533871336,694.61627735758
OC19,180.269602646929,234.635851348906,289.723556772723
Va26,736.96357221903,520.725730307594,643.041776834175
PHJ90,604.606751762336,655.32564836766,604.951586489534
M14,485.452421391822,194.885798786747,499.679165354449
SD44,647.515658216155,584.612408954306,646.159388497438
R225,476.145789411736,422.59839617848,443.618295387257
PHW52,693.014688081498,735.947298151838,668.532537155173
CI_21E,509.35374493629,580.077871063322,487.743051369453
Hy,544.563273579487,574.806885832128,486.312147636635
PHG47,570.882324182345,488.94628928887,567.654899744124
TZU-CHIAO-HSI-WU_105,676.589260976504,319.72129696378,615.097251989087
Lp215D,556.036276124885,640.149249563724,590.161014072943
NY_159_(Neveh_Yaar),476.77343863666,424.122072352806,483.074050003767
Va85,571.317117040254,406.537513611036,564.745381226085
IBC2,574.695964693912,521.721488676094,568.824421801665
R4,401.828673256387,310.536528882404,464.982840948345
LH189Ht,614.794184798042,621.465860292834,628.217613484239
LH162,577.884116411763,597.537778160618,518.676427355199
Va14,59.740719910445,208.791929335006,205.790336998137
80-2,405.900832499366,381.810119125948,418.22693195648
Seagull_Seventeen,744.538528902175,639.982831656118,681.335858895857
H52,241.294774593246,71.6521344218082,286.619978956025
Mo17,609.856156294766,504.085665341992,585.486182459716
PHW86,657.647358555208,504.683001136476,607.023669499782
Os420,507.983239948887,556.479412317204,530.169415589709
CO125,161.399843076495,415.191437291134,304.791171395289
LH225,518.985141509157,482.088922074,554.223843432392
W821G,585.431329066534,606.31345863135,581.785789273367
R134,520.473016638171,276.342187186618,488.232590545324
W23,605.185178630719,471.928124124144,568.040931417569
Oh40B,532.633128965567,254.94421672565,505.23130261349
LH204,511.649026739909,585.62318901748,552.594712138379
CML_322,539.511579489321,336.505022274306,461.793631608106
B87,484.593897829437,449.407544998996,524.372749137545
MS153,477.039350310847,570.860152069616,498.512155181978
PHG35,499.07445328842,333.401599617376,542.079898604729
B97,622.16628315375,706.099141892772,582.756716561391
PHR36,375.857370062995,423.977079359844,462.617920621451
NC356,302.302616514623,362.65696294932,347.488914016105
J8606,639.416383901943,607.72587270219,603.817995482395
PHT22,701.670755463601,727.772347735024,662.121473357404
LH123HT,504.437094746314,540.458653902592,538.824584745114
L_135,528.710777224197,381.11328024507,529.392267550762
PHW51,543.985691347965,603.806348892396,558.545748515084
NY6371,488.257813132341,477.512301048752,481.188041030507
W8555,728.996628332114,540.364457377354,676.489747710105
Mo46,449.160996618997,362.07644854944,503.953609803383
PHKE6,669.991378825339,667.585828788278,622.264276221522
LH169Ht,476.468142491608,547.043870904156,512.427035672041
LH190,596.181768853063,534.597715502992,576.945885765237
C68,372.507624479368,371.349792619992,419.876120867838
LH231,717.397062372786,565.900309262736,680.2316826448
PHW43,727.203771388466,528.849481345782,696.220552612965
DKMFD-13D,640.742933893597,589.379168998114,627.256178910602
Tr,581.341048913705,636.484983545212,535.83967483071
Pa91,550.98673308391,717.580893886868,496.61171157555
PHK74,586.739159201977,419.89084375296,540.764927940734
MS226,541.832319882792,530.723453315396,558.066597715828
Oh603,521.086436148233,330.814656451702,507.825116167405
SD42,165.36179174913,496.689367441778,316.773199381871
Oh7B,486.402620687276,585.094394967246,456.488290183785
W601S,326.365321291428,366.939390260234,346.507289436353
A548,454.072390040698,318.200010023634,420.61007489574
G22_T122,130.734667602467,259.844310438136,206.090570078945
AM0776,532.269447056757,488.762046745068,545.299894873305
PHGV6,636.086700615985,550.981284619014,551.827987085346
PHV78,579.75694110852,838.308296468456,514.244726697012
Mo44,458.783338580804,329.790392256672,450.834563593146
PHTM9,572.397499016815,518.388444285322,570.843931551632
CO117,215.231994050754,311.967176510116,244.241160820968
FBLL,690.721276012474,442.073060160558,673.246381652211
Mo28W,397.040440834465,131.063239103206,402.580323430596
J47,533.263810543061,587.837486071044,496.631263331188
MoG,385.584880678428,376.595166673986,405.157659301576
PHG29,650.883106896558,510.644887538566,608.463698094793
DK83IBI3,649.671333602815,576.624820572334,611.143799498964
ND245,412.903253144292,250.528099728254,395.282953360349
CO257,137.961412913067,333.871483279294,223.900544794746
LH206,502.761795450505,412.436785196518,545.239328317939
B107,553.451024803623,554.427771029484,579.435952835319
6M502A,501.419016493125,733.220478829552,493.338598673009
LH212Ht,537.253774056982,527.18101384134,558.900852877785
CM7,301.271280890357,308.257975083036,318.017977646936
PHV53,469.511536713929,472.4998487667,469.591196976019
LH218,780.258321915914,774.281370074372,720.794309296291
PHW30,671.037621419606,606.218303420716,620.719129925468
R177,106.867562351296,317.038044815294,302.898561447241
PHKM5,458.40853934499,312.20426807977,455.457228202761
A619,558.150102609466,499.553444184326,554.509656067333
A239,530.340606097819,410.911091551348,565.605533249187
L_127,517.751220728706,507.500241399562,513.397152760537
U_123,336.525500284074,284.565537729128,331.208091519312
LH159,101.564483165716,574.10586841003,250.135337328508
PHT47,753.770301116107,706.662861208764,708.692886159454
NC358,582.768212954008,360.943243651134,531.872178414632
PHW80,504.019287931576,732.63844988288,526.399016895134
I29,293.053426946053,205.614405055734,337.65173850912
SG_30A,217.799430363635,129.764191128613,311.657946337067
A73,553.127311896883,480.638604333138,510.761861046811
NS501,503.5652720763,451.192711661542,502.238932493234
S8324,612.507842495754,432.228536658366,600.466184717682
WXB6,437.150486009457,472.196998058508,444.874230584036
H91,570.143905748648,408.266265007518,569.357443594719
L_139,571.056250834473,690.671775454334,599.360841029882
H113,298.04348736575,257.331737365774,385.773763659891
Oh43,736.839781627462,593.582043062312,681.978034603696
U267Y,64.2448926330995,-0.535894134563364,210.455095736195
ICI_441,604.737191420993,681.365232543618,630.545735847435
B73,732.181488806887,482.106210792928,688.831153691398
P39,397.36685196099,273.04601189404,418.666705126228
PHN47,467.745889990564,365.478340005276,428.055969525798
PHR63,624.570589321163,632.383881719552,602.288809699376
NP899,618.008266535949,670.830029615682,585.757024674262
87916W,540.522780212937,337.827292582882,548.440134755211
LH197,728.613637934465,682.359032796156,656.168147219281
PHBA6,710.030561977524,532.626642779242,678.717592609139
VaW6,308.405415541777,412.540151474814,376.484745893518
R227,476.357091072732,411.266664785292,472.107109501775
NKBCC03,626.784644959742,544.046814890062,581.564443489235
A651,346.92619543978,288.24483949102,347.076303804779
MM501D,629.034132676194,597.091103746132,592.372200202806
PHP38,612.491288429657,739.639296973238,606.244450097567
B68,327.981282390881,474.604132605778,362.313537510911
MS200,564.996206549276,538.570383487604,496.872077791396
DE811,518.748553659936,368.47127702651,520.810408792523
LH198,792.94373594012,545.122403547168,708.858318123903
NC262,479.868771127335,400.161119379266,492.216072630892
A554,488.504055030878,374.83517615684,497.147714126559
LP1_NR_Ht,508.644761151731,346.515220508052,537.886892948456
793,616.977647009346,619.42761690245,617.416476704603
NKH8431,763.100822582667,554.780729473744,689.263844864236
K41,413.172962736835,369.532172012704,450.894746022696
H114,481.529765913562,511.752334313278,498.727619263551
NK740,561.628941379429,605.269707242084,591.839265065029
INBRED_141,606.526444014465,453.7383295853,553.932127614556
Oh33,350.290562915002,306.256781959724,379.683686013372
LH150,644.060701751633,488.546612627614,566.797675032047
NC232,538.123966710452,620.038406905832,446.362745577381
CG10,505.122099781489,489.136654892914,451.774127606074
N28,175.863054771696,319.4743735291,332.703450762927
OQ601,569.230585657947,448.913549666686,593.531807113181
R113,563.484317096377,461.148481899058,555.339231605408
A673,389.310208296625,392.424769617064,403.673402084019
Ky226,329.990987523798,495.26740621948,367.734542920707
CO255,469.218396227275,421.050524437352,438.60408173341
Fe,317.116916528311,292.818952842318,338.771080944488
B164,598.470368366195,380.94319835166,547.805665008991
A663,414.71142500532,430.935101294692,432.392092364581
YE_4,482.777108160534,261.101803196436,491.113394462414
LH128,665.782632123947,602.728373232534,649.359460439491
PHK35,598.257819478833,407.254382836038,603.08027663933
MS1334,454.217156458746,301.36906948663,440.789429858188
YANG,327.730715550349,281.62758867237,379.232757882117
LH260,326.643203028795,440.207288957344,448.817801469149
NC364,431.387054164811,574.799344846356,465.162713017523
L_289,545.493195699488,128.687427522101,531.328960814187
PHRE1,565.978230637357,494.883406760172,514.556816247792
DKIB02,515.486132184278,472.270964897756,500.772768628672
N192,669.163210901381,658.51227423519,649.069320332085
PHN66,607.353156596533,507.645203165386,606.685334834174
B46,446.29698414645,536.474376499498,464.414619556353
LH202,576.817524767003,421.22023048873,584.986871205957
W816G,619.449642651339,664.47843675167,613.98744249288
M162W,469.410795413775,424.552952107262,419.024311846254
W815G,553.358687488947,564.239956760512,570.72069252314
K148,213.804791095746,262.224352250292,275.076939237824
W8304,631.38668720107,599.459634770766,606.959210820897
PHAA0,715.884177872921,665.787216957038,637.499760283057
ND259,508.411793226858,427.729607929378,500.891304218347
A648,577.80379334837,393.911933451686,579.236012268945
HP72-11,239.408176486044,260.523893929806,311.233546418326
CR1HT,562.105864043958,416.389127911034,542.693897837835
LH213,745.74650163106,684.921292540704,662.898710170788
A305,515.737642172285,437.378901064292,494.486166439956
MS221,651.384159580292,551.625500934706,604.942472204343
B8,652.686680113388,471.583968226934,578.611771109262
W811G,588.250518256957,352.098607353916,509.997284475964
CML_323,303.937032297317,380.84987171715,325.17571017099
PHHB4,710.518257189172,651.46585179429,689.471351133124
PHJ75,510.992694606763,534.22857330037,492.617362945618
T141,671.924258945481,390.075247020306,609.023642931919
DJ7,753.591265175731,544.792217613634,716.421355329015
A634,411.352633493786,450.362257007928,499.940440029252
DKF274,580.220649468265,614.349905099344,578.528338379077
DKMBNA,537.777517981138,459.235024571874,560.240747345431
PHG71,550.419882791962,445.608950714756,584.549332003304
PHR32,614.9515097915,542.75929429174,607.024700629098
MS225,373.576214757659,624.78159769572,411.365207711098
PHH93,630.200700001641,560.057568174722,583.288470330221
B14,455.288475208716,376.690991685576,507.158565045003
PHPR5,749.675755831237,594.358732178588,697.869919046448
MS116,210.312461315268,348.096400299226,346.366883553615
W603S,570.442480879722,473.92309908443,590.352958207312
Pa405,436.36082170782,418.02042484228,467.917689703223
PHJ65,521.92877725901,515.646562688604,473.998571760753
CML_220,350.644725033174,360.952776695432,345.804045914726
PHK42,744.795819714933,548.151873275466,675.365045124425
Sg_18,449.157323905768,280.220943531482,453.599396633879
N542,552.69305248314,395.94453145013,552.570745937938
R226,601.430268354397,516.172871487376,565.579488177859
W182B,447.476848022708,354.06201018085,450.332517705946
PHN18,579.008587832718,618.315328926568,587.87089993941
E8501,407.171199260583,595.379445529732,458.123511090633
AQA3,545.351111157954,486.701178916964,539.088421624261
Mo45,452.152552406988,498.352320061982,429.307186001475
NK907,442.85931857063,328.994540932718,455.016039134184
LH214,674.627041187695,544.87657371088,631.718636063866
Yong_28,503.680437579663,392.695363298118,471.516288602673
PHJ70,784.968190277197,707.997720225338,711.883562736428
H14,383.594412035852,80.0681351139302,374.755373988021
H71,438.76505330053,508.35667132288,454.273993110584
W117HT,306.10813435835,347.022193907564,319.10453665066
DK78002A,526.996773236444,571.666405275586,555.139481966002
Mo47,386.601603085272,303.696481653072,433.881184563742
NC258,482.135334583668,452.73389984595,461.10363340084
LH284,580.01486874577,481.817317482858,586.544651690463
LH54,599.457366458052,460.953531064302,541.982429806189
N193,678.866527888283,551.816451783492,634.29768489998
MS24A,582.099338096523,412.621886286434,538.854530440752
B42,331.235411279298,474.417338401936,420.846418685899
INBRED_100,501.113684020362,103.794749829576,468.747161035571
Mo3,357.688089851722,598.338269248196,358.908232131688
PHG50,726.40600680223,638.380995742828,671.512347660799
ND167,171.498782899575,221.533097890826,199.617008658398
B79,447.901448834746,472.163040110054,475.328351567947
B105,510.010710032842,761.707850703346,485.531475110927
Mo39,557.437403200307,567.832403052312,546.735547450186
LH299,526.611707804012,591.508085909104,525.316603985102
Eng-Li_Chih,552.628648517379,483.26941797051,551.177636255353
PHEG9,588.391049663044,682.897082209844,616.47182087122
PHV63,634.508647800337,580.027537394488,593.779976988757
A649,459.62884679091,254.80229830605,455.022751838149
PHGG7,384.767719250009,373.254684720682,418.231143666954
W605S,779.491448013291,702.925498136978,678.840043702414
CH701-30,525.611188587553,574.209376917704,540.406922561677
NC350,219.25917996155,163.926562064646,275.167419248865
LH127,631.119530131302,590.75874180287,628.333465952882
L222,523.261289780336,406.887583515944,545.831284975162
NC328,716.882837387505,677.468091385494,694.921444891371
T146,212.299983407221,133.676040040123,268.645592867949
DE4,645.105641145716,487.928296394352,637.23208735758
NC230,355.804252521165,281.565148481016,381.893093142695
H49,508.190140341959,750.878561626968,521.558869522104
INBRED_321,336.696099234871,233.270303915632,385.784845570177
LH211,514.138715924708,513.397247999976,568.264314556788
NC368,436.766813539882,407.699685999092,457.955149587619
CR14,505.128602209212,465.103836734734,515.331950602144
PHW53,615.699168047897,570.204473444482,622.005856938753
B109,680.531341554641,788.453190032442,653.01916543496
CML_218,207.898238934168,20.361399328567,253.91439861052
Huanyao,627.376430423611,370.449201761832,581.839610036588
A334,471.987109459266,390.155025181856,463.610931728341
52220,362.205814644176,338.379850076544,349.563102994254
Va99,653.926946242957,709.380319538466,610.414629148472
CS608,532.567424116936,497.312259373326,552.109327607364
DK4676A,623.821263410569,493.22526910978,599.888411303608
M37W,221.078727527244,134.735628986834,273.660827482489
B37,425.676183429043,501.771714785318,506.549896588557
CA-4,86.5787111261814,170.669238300535,172.349189344456
PHB09,445.660071413321,460.657255068506,498.608785065915
H84,643.062422891942,715.221854427358,598.289709269971
4N506,661.357194900421,573.900005796768,625.467290279599
W818G,445.472982766681,552.750340312912,412.681685258273
PHHB9,796.47984477004,818.082056821068,721.63379962127
2MCDB,593.879594663874,632.512064611086,569.207296134471
PHR61,661.577468412642,650.55877351241,655.828006216465
NP87,537.104509736724,261.598071977624,495.644811780302
CO106,306.020146379511,511.23196063181,346.723468257783
LH215,504.171694215609,485.987572927342,537.453284216765
Ky228,407.347791400293,324.900123011124,406.067825565418
HB8229,477.301059850045,706.346067708088,478.434435278129
PHEW7,644.43084349121,524.903876852476,627.615303069469
H99,399.506780344211,262.25973627756,434.83073453443
ICI_986,546.691408051795,619.787763298056,567.651944332808
PHK29,724.607048903288,703.349980776936,663.927381511034
792,648.749151304596,616.28544102999,633.367697711143
ZS1791,732.328921543991,883.931074949008,643.344273355072
DKFBHJ,501.620209326324,366.334024915022,536.754024012425
LH223,482.559585402391,340.620630005042,517.95512257821
PHWG5,652.678336604401,490.57805571907,623.109810696145
LH172,482.766783976919,527.337883411544,499.038272612613
PHN73,541.652965549649,604.384153710228,585.242698060614
N201,687.405230427941,646.584410189288,678.822723541443
W64A,550.579809613422,369.59268604667,550.084996558489
NC310,539.877614630739,419.837995782722,528.772705965939
GE54,399.325477828328,444.855216330206,366.895294871838
INBRED_305,278.977335920449,308.751178726726,329.308991023479
A15,295.445931494551,364.221849531532,319.48275380348
PHMK0,550.000004008181,619.545650051616,488.146292515532
B77,442.888310943902,420.285523508758,481.131650742119
W809G,629.429361621931,539.857772913532,594.997782761425
CH157,644.428955851599,242.41575385746,567.633728531757
PHK76,613.462947335155,627.665832279162,611.399174220027
PHK05,445.466918772583,283.162331156192,430.189961714524
PHEM9,616.726711870382,605.93737591708,607.018020284694
LH1,545.969725339854,577.022151224638,516.256237639885
N199,599.259176757358,576.63755782208,578.233064455251
CI_40H,679.631769696629,434.228139153998,639.623958366138
LH250,680.101735446695,687.90194365866,670.586425133795
S8326,644.532071008281,582.894499991638,569.803277545572
LH181,722.548566675249,787.72864476541,688.147956565302
LH143_(Maintainer),426.269112509905,422.296005335662,462.115359801467
LH205,853.967056978345,389.419397510492,730.536854767994
C49A,265.218365598784,204.064279411036,312.968880248421
PHVA9,690.64036789153,586.117525494624,655.226333070536
2MA22,649.364298267517,541.6447978786,614.794308766139
T242,121.03449436554,233.143142663404,267.030934811897
NC236,279.409097542829,273.662826934032,332.192570620748
W819G,605.454196221171,463.656711867324,587.811678876482
IDS91,312.129193092683,293.685901532148,356.55085421018
787,695.452876427666,525.683189564788,611.036461686345
CSJ3,194.295284569834,282.78236405373,210.098051755717
NY_166_(Neveh_Yaar),481.290730603306,486.082767018066,497.744535132139
LH163,498.138046035175,443.35589550838,542.863920646343
PHT10,609.723822337176,545.504648660072,601.617800274796
B106,531.466494504211,288.017295116478,570.903369123342
PHWRZ,740.254165413125,577.516501047902,700.202254175597
PHJ89,588.276157429713,708.340754177742,596.608130677331
Pa762,604.386223290844,546.035238454614,581.239291932238
C103,528.232247713312,670.610981529782,523.57749691269
CI_187-2,440.118850157426,451.25287689113,461.679622234168
N6,553.785794650112,496.310923714874,489.864294281705
FR19,498.932082853148,385.209644597542,541.506265024993
CM99,396.699901986101,278.204208773104,434.570739534198
ND260,345.834361538608,377.024586024504,331.253742648781
PHB47,702.979425105215,590.355556430618,676.215790285876
WIL900,822.486716340312,528.626411708076,726.731923296011
DK8F196,532.23413894126,604.920468704828,555.852287365491
INBRED_309,424.067666383641,412.684710814384,400.07982907308
RS_710,436.542691923604,415.028814346216,458.624176221262
912,541.028451105582,664.040194418752,511.446231199154
OQ101,380.636323914931,468.906189171042,378.260843120807
PHW06,426.272896720482,294.454487547584,421.449799203248
A344,354.630839918169,328.751822450944,322.203735316789
C15,329.37672025858,359.79435955096,318.044578886081
LH192,575.616199127345,613.795086711122,586.049038138004
ICI_740,745.038048966063,630.753487625514,702.388817484291
PHP85,555.160244531751,728.780087625426,573.176465606148
PHW03,601.306587510002,644.614317755494,602.722697286192
LH166,499.932451319764,504.228852628702,555.804540390831
INBRED_109,424.857495434271,396.383908443312,412.384987858111
DKNL001,552.956554829541,531.260188506674,573.344965860727
B-18_INBR.FR.SUPERGOLD,336.859946179551,195.452249732387,335.873056178284
CO245,324.972342600091,364.840448881936,344.893320217293
1538,512.187853751304,531.162242656276,509.042016639939
N218,502.405941641042,554.858743482914,527.655442503782
LH175,623.42900581894,571.692140349502,543.167002448518
Mo16W,286.818721878367,128.220666601057,369.906429649929
PHT60,548.171494169432,525.866103939018,564.780537143843
T232,162.706345658206,466.334964041384,261.672054115622
DK8M129,761.737094127152,791.201090984072,701.843446907617
PHK56,773.838622472992,794.164056288626,715.002901448759
W802G,29.7379337054182,129.943397484578,179.39403057581
CM105,537.408451426232,362.055706489348,491.36895430515
DK78371A,681.670666945263,880.576103789996,670.46785541296
EP1,286.323517285122,285.547442289026,302.606395703024
PHHH9,731.887845017415,602.117504046062,646.415587468458
DK84QAB1,621.934349010804,620.837254391972,637.01981663181
N215,580.799485833756,550.49482728922,561.550033409107
MBWZ,744.319446913614,716.629767149886,681.856478315397
WU-TAN-TZAO,482.089382622452,363.719549542622,508.933174578291
3IJI1,712.04858096077,584.791840196104,649.605011442237
