GenotypeID,DaysToPollen_NEmean,DaysToSilk_NEmean,RootLodgingPct_NEmean,StalkLodgingPct_NEmean,PoorGerm_NEmean,PotentialPollenContamination_NEmean,LeafLengthCM_NEmean,LeafWidthCM_NEmean,PlantHeightCM_NEmean,NodesWithBraceRoots_NEmean,TillersPerPlant_NEmean,BranchesPerTassel_NEmean,TasselLengthCM_NEmean,BranchZoneLengthCM_NEmean,TasselSpikeLengthCM_NEmean,TotalGrainMassGrams_NEmean,LeafNumber_NEmean
11430,69,71,5,0,0,0,78.25,8.575,179.75,1.665,0,7.67,37.25,11.2,26.05,554.45,12.7075
1538,65.5,66.5,0,25,0,0,72.25,6.425,170,1,0.335,6.67,32.685,7.35,25.33,500.6,13.125
2369,74.5,76.5,0,2,0,0,73.75,8.35,198,1,0,5.5,26.32,6,20.315,794.6,14.6675
29MIBZ2,65,67.5,0,0,0,0,75.875,8.375,153,1.5,0,8.67,31.5,9.285,22.22,608.25,11.8325
2FACC,71,71.5,70,0,0,0,74.5,8,184.5,2,0,7.335,27.835,6.465,21.37,605.85,14.1675
2FADB,71,72,100,0,0,0,75.875,8.35,186,1.415,0,6.665,25.52,6.115,19.4,711.7,14.5
2MA22,69.5,76.5,90,0,0,0,83.75,7.475,171.75,1.165,0,4.67,33.48,7.65,25.835,633.9,11.875
2MCDB,68,69,0,50,0,0.5,75.875,8.125,186.75,1,0,10,31.88,7.7,24.185,594.1,12.7075
33-16,77,81,0,0,0,0,77.25,8.5,193.5,1.33,0,15.67,33.6,11.6,22,318,13.415
38-11,82.5,86.5,75,25,0,0,91.875,7.075,222.5,2.165,0.165,12.17,38.25,12.55,25.7,381.45,15.54
3IJI1,67,69,0,0,0,0,74.375,8.825,149.75,0.5,0,5.165,35.9,8.68,27.215,713.5,12.335
4554_INBRED,62,63,100,0,0,0,56,7.8,117,0.33,0,11.33,21.33,7.6,13.73,263.9,10.75
4578_INBRED,75,75.5,0,55,0,0,65,6.625,168,1.165,0,14.33,34.97,12.75,22.215,482.3,15.46
4722,82.5,84.5,100,0,0,0,82.5,9.325,183,2.165,0,13.5,31.5,12.7,18.8,275.05,14.4575
4F-234_BX_4,76,77,100,0,0,1,74.75,8.6,191,0.67,0.67,23,32.17,11.73,20.43,460.7,13.415
4N506,74.5,75,100,45,0,0,76.75,7.375,203.5,2,0,4.5,28.45,7.265,21.18,675.65,16.335
52220,76.5,77.5,47.5,50,0,0,59.875,7.325,109.5,1,0,9.835,30.635,9.735,20.9,377.95,14.25
6F629,74,77,0,10,0,0,73.75,9.125,177,2.165,0,6.665,32.885,7.8,25.085,476.8,12.875
6M502,76.5,77,0,5,0,1,81.5,9.75,170,1.5,0,14,39.4,10.065,29.335,716.15,12.71
6M502A,74.5,78.5,0,0.5,0,0.5,78.875,9.625,166.25,1.835,0,10.5,39.285,10.315,28.97,514.2,12.5425
764,68,71,0,1,0,0,61.625,7.5,147.25,1.33,0,6,25.635,4.68,20.95,454.75,12.5
78551S,70.5,71,0,0,0,0,81.575,8.875,185.5,1.5,0,7.5,38.765,9.85,28.92,771.65,12.9575
787,78.5,80,50,0,0,0,81.375,9.2,192.5,2,0,0.665,33.885,0.135,33.75,694.35,15.5
792,72,74,0,0,0,0.5,78.875,8,177.25,1,0,8,28.9,7.565,21.335,638.8,13.875
793,70.5,73,10,0,0,0.5,77.5,7.45,186.75,1.75,0.085,4.835,29.345,5.985,23.36,609.35,14.4175
80-2,64,64,50,50,0,0,64.375,8.075,154.5,0.335,0,10,26.435,6.665,19.77,395.05,11.9175
87916W,71.5,78.5,0,0,0,0,72,8.025,199.5,1.165,0,7.165,25.085,7.415,17.665,541.55,15.3325
904,65.5,66,0,0,0,0,71,8.075,137.25,1,0,8,33.2,9.2,24,562.4,11.4575
911,64.5,66.5,0,0,0,0,68.125,8.5,150.25,1.835,0,12.17,30.25,11.37,18.88,558.55,12.875
912,66,66,0,0,0,0,62.625,7.875,144.25,1.165,0.165,7.335,25.865,7.25,18.615,546.3,11.54
91IFC2,67,68,100,0,0,0,64.125,7.9,164.5,1,0,7.5,36.03,8.835,27.2,550.5,12.2925
A,74,77.5,0,100,0,0,81.375,7.275,199.25,2.335,0,14.335,30.75,11.27,19.485,319.95,16.5
A12,64,65.5,50,0,0,0,70.75,7.75,158.75,1.335,0,10.5,34.315,8.45,25.865,324.5,13.0825
A15,60,61,40,50,0,0,60.125,7.3,159.5,0.165,0,7,30.08,6.5,23.585,320.4,10.585
A155,64.5,66.5,65,45,0,0,66.875,8.5,151.5,0.835,0,8.5,30.715,9.035,21.68,417.3,10.625
A239,72,73,50,1,0,0.5,77.75,8.9,172,1.5,0,5,33.065,6.78,26.285,533.25,12.5825
A258,72,74.5,0,75,0,0,73.875,10.7,159.5,1.665,0,13.67,28.635,8.57,20.065,457.25,13.1675
A305,66,67,80,0,0,0,64,7.75,176.5,1.33,0,25.17,37.115,19.28,17.835,518.95,12.625
A321,70,72,50,2.5,0,0,73.875,8.9,155.25,0.165,0,9.17,27.9,7.715,20.185,567.05,12.04
A322,67,67.5,50,90,0,0,63,8.25,172.25,0.665,0,13.835,30.45,9.435,21.02,647.3,13.0825
A334,65,66,100,0,0,0,74.375,7.325,157.25,1.335,0.165,9.5,25.065,10.12,14.95,475.7,11.625
A340,65.5,67.5,0,100,0,0,70.375,7.3,178.75,0.665,0,20.83,30.85,12.6,18.25,436.9,12.9575
A344,63,64,0,100,0,0,53.25,7,124,0,0,11.33,29.2,6.7,22.5,342.4,11.835
A374,68.5,71,50,50,0,0,91.125,7.3,169,1.335,0,13.335,32.615,11.9,20.72,495.1,12.5825
A3G-3-3-1-313,76,78,100,100,0,0,72.75,7.2,152,1,0,15.33,31.43,11.3,20.13,323.2,13.915
A401,71.5,73.5,25,45,0,0,71,8.875,146.5,1.5,0,19,27.765,9.985,17.78,523.05,12.2075
A415-1-3_INBRED,77,81,100,0,0,0,79.25,8.025,223.25,3.665,0,22.335,36.585,11.715,24.87,278.35,16.21
A427,72.5,77,5,1,0,0,77.375,9.975,170.5,1.165,0,9.165,32.1,11.1,21,211.35,11.71
A508,63,62.5,2,30,0,0,72.75,7.05,157.75,0.83,0.165,7.17,33.07,6.435,26.635,372.95,11.9175
A548,66,69,100,0,0,0,76.5,8.075,173.481114258735,0.5,0,11,33.52,10.8,22.715,458.05,12.7525
A554,66,67,75,0,0,0.5,67,8.075,154.25,0.665,0,12,30.615,12.3,18.315,492,12.2075
A556,68,68.5,0,5,0,0,67.25,8.2,127,1.83,0,7.5,31.485,7.715,23.77,472.95,13.21
A572,64.5,64.5,75,10,0,0,63.875,8.3,156.5,0.665,0,8.335,28.965,6.865,22.1,517.5,12.625
A619,68,70,0,12.5,0,0,74,8.575,167.25,1.165,0,10.835,34.73,10.515,24.215,566.5,11.7925
A627,68,71.5,80,0,0,0,73.85,7.55,171.5,0.665,0,24.165,28.835,10.315,18.52,529.85,13.5
A632,72.5,74.5,0,55,0,0,78.75,6.675,185.5,1,0,9.835,30.115,8.4,21.72,588.55,13.9575
A634,68.5,71,50,0,0,0,78.75,6.725,176.5,1.67,0,5.83,25.715,6.785,18.93,403.55,14.5825
A635,66.5,68,0,0,0,0,79.25,6.675,154,1.165,0,10.165,29.515,6.515,23,495.95,14.375
A648,70,71,0,25.5,0,0,73.625,8.05,182.25,1.335,0,10.67,31.78,9.765,22.015,575.55,12.8325
A649,64.5,64,100,0,0,0,75,7.775,145.25,0.33,0,5.835,30.035,7.57,22.465,472.9,10.75
A651,63,63.5,0,50,0,0,65.625,9.425,118.25,1.335,0,19.17,20.73,11.215,9.515,348.8,11.2075
A654,64.5,64.5,0,0,0,0.5,57.875,8.25,145.25,1,0,4.835,28.65,7.25,21.4,418.8,11.0825
A659,69.5,73,90,0,0,0,88.25,8.725,173.25,1,0,17.17,33,13.05,19.95,573.35,11.835
A661,63,65.5,100,0,0,0,66,8.95,175,1.335,0,6.17,29.485,5.715,23.77,496.65,12.335
A662,60.5,61,50,0,0,0,63.375,9.05,155,0.835,0,10.335,33,8.23,24.765,468.75,11.375
A663,75.5,78.5,50,50,0,0,63.75,9.425,173.481114258735,1.665,0,15.665,36.15,12.185,23.965,425.55,12.2925
A672,67,68,0,50,0,0,79,6.25,175,0.67,0,7.67,30.47,9.97,20.5,569.1,14.165
A673,65,69.5,0,0,0,0,60.375,7.85,131.25,1,0,9,27.635,10.07,17.565,385.15,11.96
A674,68.5,70,2.5,0,0,0,74.5,8.35,176.25,1,0,5.165,33.22,6.25,26.97,482.05,12.5425
A679,69,70,0,12.5,0,0,83.375,9.05,201.5,1.5,0,5.165,21.3,6.8,14.5,742.7,13.5425
A680,75,76,0,27.5,0,0,88,8.875,201.25,2.165,0,6.335,26.78,6.565,20.215,554.4,14.165
A682,68.5,68.5,55,0,0,0,70.25,9.275,174,0.335,0,6.33,40.435,5.53,34.9,692.85,11.835
A71,68.5,71,0,100,0,0,80,8.825,183,1.335,0.165,17.665,37.735,15.98,21.75,561.5,13.415
A73,70,73,0,100,0,0,60.125,9.8,150.5,1.665,0,16.5,27.665,9.38,18.285,559.5,14.5825
A797NW,83,86,0,5,0,0,72,7.8,167,0.67,0,7.67,29.8,4.37,25.43,199.7,14.915
A96,64,64,50,50,0,0,69.5,8.6,135.75,0.335,0,4.335,33.85,6.25,27.6,386.9,11.25
AM0776,68,71,0,0,0,0,73.875,7.4,186.25,1,0,7.5,30.885,8.6,22.285,535.7,13.5825
AQA3,67.5,68,50,50,0,0,71.5,6.975,166.25,1.17,0,5.83,31.27,7.785,23.485,554.05,11.875
AS6103,74,76,50,0,0,0,84,7.325,163.5,0.5,0,9.165,28.47,9.565,18.9,614.4,13.665
AusTRCF_306238,77,78.5,95,0,0,0,66.75,8.775,173.481114258735,0,0,13,31.55,7.915,23.63,658.95,14.79
B-18_INBR.FR.SUPERGOLD,69,72,100,0,0,0,75.25,6.35,162,3,0,26.67,35.63,18.57,17.07,325.1,15.415
B-28,72,76,50,47.5,0,0,75.5,5.825,164.25,1.335,0,16.5,29.715,12.065,17.65,306.95,14.9575
B10,78,83.5,50,55,0,0,93.75,8.975,201.25,1.335,0.165,16,33.57,11.935,21.635,522.15,16.5825
B101,78.5,82.5,0,2.5,0,0,78.125,9.025,189.25,1.165,0,26.335,34.785,13.63,21.15,436.35,16.0825
B104,75.5,77,0,3,0,0,88.5,7.9,158.25,1.5,0,9.835,27.385,7.385,20,539.2,15.25
B105,72,78,40,25,0,0,78,8.625,175.75,3,0,33.165,36.435,16.88,19.55,502.1,14.2075
B106,71.5,74.5,0,25,0,0,77.5,7.675,196.75,0.835,0,8.17,31.2,9.3,21.9,541.7,13.4175
B107,71.5,77,0,7.5,0,0,82.375,9.3,185.5,1.335,0,7.165,30.085,10.12,19.965,550.55,12.335
B108,76.5,77.5,100,0,0,0,81.75,9.25,191.75,2.5,0,12.67,26.87,7.465,19.4,460.3,16.5425
B109,77,77,0,0,0,0,76.375,9.275,197.25,2.5,0,9.17,29.47,8.95,20.515,686.2,14.9575
B14,75,78.5,0,25,0,0,84.5,7.65,201.25,1.665,0,7,34.17,7.65,26.52,435.95,15
B14A,74.5,77.5,0,0,0,0,88.75,7.425,181.25,0.67,0,8.835,31.015,7.985,23.03,491.5,14.8325
B164,73.5,76.5,0,90,0,0,79.375,8,190.5,1.17,0,16.335,32.05,12.085,19.965,595.85,14.875
B37,75,78,10,2,0,0,73.5,8.45,189.25,1.5,0,6.165,32.15,5.93,26.215,438.35,14.085
B42,75,76.5,50,0.5,0,0,85.5,9.1,187.75,1.335,0,14.5,36.1,11.6,24.5,335,14.625
B46,77.5,80,50,5,0,0,82.75,9.275,189.25,1.67,0,10.67,29.365,8.78,20.585,450.15,15.835
B52,80,82,50,47.5,0,0,78,8.15,174,1.5,0,10.665,31.27,9.95,21.315,316.1,14.7925
B57,71.5,76,60,0,0,0,80.625,7.9,161.75,1.335,0,21.5,34.92,14.435,20.485,569.7,13.4175
B64,76.5,79.5,0,0,0,0,89.875,6.675,172,0.67,0,6.835,38.88,9.8,29.085,354.7,15.21
B65,76.5,76.5,100,0,0,0,77.375,9.825,192,1,0,12,28.565,8.435,20.135,457.4,14.165
B66,72,76,100,0,0,0,77.375,10.1,183,1.835,0,6.835,33.58,8.07,25.52,531.85,14.375
B68,76,81.5,55,0,0,0,92.75,6.6,204.5,1,0,10,30.8,9.52,21.285,332.1,14.9575
B7,77,82,0,92.5,0,0,84.25,9,193,1,0,12.735,35.3,14.615,20.685,360.9,14.2925
B73,75.5,76.5,0,12.5,0,0,80.75,8.5,201,2.335,0,7.165,29.165,9.05,20.12,747.6,15.0825
B73Htrhm,76,77,0,2,0,0.5,79.125,8.25,197,2.25,0,6.25,26.24,8.325,17.915,648,15.25
B75,71.5,75.5,50,35,0,0,77.75,8.575,182.25,2.5,0,1.835,32.935,3.25,29.68,553.4,13.375
B76,72,75.5,0,0,0,0,69.75,9.225,176.25,1.83,0,6,32.93,7.68,25.25,528.7,12.9575
B77,75,76.5,40,50,0,0,84.25,8.6,201.5,1.165,0,9.5,33.15,9.55,23.6,446.15,15.4175
B79,75,76,70,2.5,0,0,77.25,8.3,158.25,1.83,0,11.665,33.75,10.335,23.42,448.25,14.8325
B8,68.5,70,0,75,0.5,0,70.625,7.475,184.5,1,0,19.5,29.55,11.465,18.08,658.55,13.585
B84,76,75.5,90,0,0,0,85,6.975,180,1.33,0,11.5,31.535,10.6,20.935,534.25,13.96
B85,69,71,2,0,0,1,81.5,9,190,2,0,12.33,35.57,13.57,22,560.2,11
B87,71,73,0,77.5,0,0,74.875,8,169,1,0,5.665,34.215,7.18,27.035,491.2,12.3325
B88,78,84.5,30,2.5,0,0,75.375,8.7,182,1.835,0.5,16.665,28.5,19.135,9.365,152.5,14.79
B90,73.5,76.5,0,15,0,0,72.5,8.875,193.75,1.335,0,11.835,31.83,9.865,21.965,491.15,13.75
B91,74.5,78,40,1.5,0,0,64.5,8.775,176.25,2,0,12.5,27.72,10.285,17.435,320.8,14.375
B97,72.1366989396035,76.9090909090909,73.5909090909091,4.41477272727273,0.0113636363636364,0.335227272727273,76.2874827109267,8.19973605348087,173.481114258735,2.17585227272727,0.0169652777777778,9.99813752913753,31.9285874125874,9.05144289044289,22.8771934731935,626.615909090909,13.366875
B99,72.5,80,0,47.5,0,0,78.25,9.4,212.5,1.665,0,12,30.8,10.915,19.88,476.2,13.75
Bei_10_=_North_10,72,74.5,0,0,0,0,81,8.375,161,2.165,0,9.99813752913753,31.9285874125874,9.05144289044289,22.8771934731935,551.35,13.4175
C102,77,78,100,0,0,0,82.625,8.25,226.5,0.165,0,5.83,30.17,6,24.165,514.55,15.1675
C103,72,77,20,0,0,0,86.75,8.225,170.5,0.835,0,14.33,35.67,11.78,23.88,531.5,12.9575
C123,69.5,70,50,0,0,0.5,70.125,8.725,142.75,0.835,0,10.83,32.285,7.1,25.185,570.5,13.125
C15,65,65,0,100,0,0,70.5,6.65,123,0.67,1,12.33,27.2,8.9,18.3,315.6,11.25
C49A,61,62.5,25,0,0,0,59.25,8,146.75,1,0,11.335,31.165,9.32,21.85,269.85,11
C68,67.5,72,50,50,0,0,87,7.95,162.75,1.835,0,14.17,32.665,16.85,15.815,383.2,12.125
CA-4,76,77,0,100,0,0,52.75,5.4,97,0,0,5,27.77,5.27,22.5,75.9,9
CG10,65.5,64,0,5,0,0,64.75,9,124,1.5,0,11.665,32.37,9.05,23.32,505.6,11.415
CH157,66.5,68,100,0,0,0,82.925,8.075,172.5,0.835,0,13.665,32.1,11.2,20.9,659,13.0825
CH701-30,72,76,50,30,0,0,65.75,8.825,184.25,1.335,0,8.165,31.465,9.18,22.285,537.9,12.7075
CH711-10,70,73,0,0,0.5,0.5,69,10.325,180.25,0.835,0,5.165,32.235,6.37,25.865,767.65,13.5
CH753-4,67,68,0,0,0,0.5,74.25,7.15,151.5,1,0,10.5,25.915,6.815,19.1,480.85,13.5825
Chi-tan_120,70,74.4745521513477,0,95,0,0,74.375,9.65,163.75,1.83,0,14.335,34.2,10.365,23.83,485.05,13.5825
CI_187-2,74.5,78,0,87.5,0,0,72.25,8.625,142.25,1.165,0,9.665,29.535,5.885,23.65,442.2,13.165
CI_21E,79.5,82,55,0,0,0,90.625,8.7,217.25,1.165,0,7.5,34.865,10,24.865,521.65,15.875
CI_28A,76.5,79.5,0,80,0,0,76.375,9.175,194.25,1.335,0.335,9.17,28.67,5.52,23.15,437.8,14.5
CI_3A,77,78,0,100,0,0,74.75,9,210.5,1.33,0,14,34,15.27,18.73,361.2,16.5
CI_40H,69,72,47.5,50,0,0.5,96.25,9.15,192.75,1.5,0,9.415,36.05,8.115,27.935,679.35,13.125
CI_540,77,83,0,100,0,1,85.25,7.65,223.5,1.33,0,17.33,39.3,14.63,24.67,26.4,14.25
CI_91B,75,77,100,0,0,0,70.5,8.95,165.5,1.67,0,9,35.83,6.63,29.2,828.4,13.915
CL17,58,59,100,0,0,0,72,5.5,97.5,0.33,0,9.67,34.83,11.17,23.67,43.2,10
CM105,63.5,65,0,0,0.5,0,74.75,6.575,137.25,1.5,0.165,5,27.75,4.45,23.3,534.65,11.585
CM37,61.5,62,0,0,0,0,68.125,7.875,119.5,1,0,5.335,39.02,10.235,28.785,314.6,9.085
CM7,61,61.5,0,0,0,0,64.5,7.5,111.75,0.835,0,4.835,43.95,9.985,33.97,309.75,8.9575
CM99,63,65,0,2.5,0,0,70.25,6.625,144.5,1,0,3,26.665,1.785,24.88,401.85,11.875
CML_108,77,79,0,0,0,0,91,7.9,175,2,0,6,41.13,6.5,34.63,233.1,12.665
CML_154Q,84,84.5,0,65,0,0,92.25,8,185.75,0.665,0,13.33,36.65,7.55,29.1,528.05,15.4575
CML_218,72.1366989396035,94,10,0,0,0.5,107.75,10.425,232.25,1.33,0,13.67,34.985,16.185,18.8,207.75,16.4175
CML_220,81,83,100,5,0,0,84,7.1,156.25,2.665,0.165,26.335,29.815,15.735,14.08,349.9,15.625
CML_228,76,76.5,0,0,0,0,76.375,8.4,213.75,2.67,0,6.5,27.565,7.765,19.8,667.05,15.4575
CML_322,86,88.5,0,0,0,0,87.25,10,193.75,2.5,0,13.665,34.135,10.5,23.635,547,16.5
CML_323,82,86.5,100,0,0,0,76.2874827109267,8.19973605348087,169.75,2,0,6.335,36.385,9.58,26.8,297.7,14.665
CML_91,88,90.5,60,0,0,0,84.75,8.325,213.25,2.67,0,8.5,33.3,11.85,21.45,318.75,16.9175
CO106,63,65.5,100,0,0,0,63.125,7.9,149.5,0.335,0,15.835,28.135,9.05,19.085,317.35,12.0425
CO117,60.5,63,5,0,0,0,53.875,5.85,140.5,0.165,0,3.665,31.2,4.035,27.17,216.3,9.835
CO125,64,66,0,0,1,0,61.25,7.2,152,0.67,0.33,11.67,29.17,9,20.17,188.3,10.835
CO158,65.5,65.5,0,55,0,0,55,7.975,147.75,1,0,6.33,31.265,9.4,21.865,427.7,10.3325
CO192,63,64,0,100,0,0,63.25,7.5,167,1.67,0,8.67,24.67,6,18.67,393.9,11.415
CO245,61,62,0,50,0,0,65,7.1,162.75,0.33,0,9.835,31.065,11.52,19.55,335.95,9.7075
CO255,61.5,63,50,50,0,0,65.75,7.875,167,0,0,8.17,27.015,8.215,18.8,473,11.1675
CO256,72.5,79.5,0,10,0,0,77.375,9.325,131.25,1.67,0,8.83,30.78,7.02,23.77,226.25,13.5
CO257,76,79,100,0,0,0,67.25,7.3,124,0.33,0,11.33,30,9.57,20.43,142.6,11.25
CO258,75.5,77.5,0,0,0,0,90.125,8.325,159.5,0.335,0,11.5,27.435,8.115,19.32,466.65,14.0425
CQ702RC,71.5,76,0,15,0,0,90.125,8.1,198.75,1.5,0,10.665,35.85,11.85,24,578.7,13.0825
CQ806,76,77,40,1,0,0.5,78.125,9.45,164.75,0.665,0,6.67,34.5,8.75,25.75,537.45,13.0825
CR14,67.5,68,50,5,0,0,74.375,6.65,164.25,1,0,7.67,28.265,7.785,20.485,499.15,13
CR1HT,67,67.5,55,0,0,0,71,7.825,157.75,0.835,0,10.5,29.715,5.36,24.355,564.8,11.5
CS405,70,71,0,2.5,0,0,69.5,8.2,188.25,1.165,0,6.5,27.05,8.52,18.535,691.35,14.625
CS608,71,72.5,0,0.5,0,0,79.5,8.425,167,0.665,0,4,26.735,6.55,20.185,549.35,11.625
CSJ3,55,59,0,25,0,0,66.375,6.05,100,0.165,0,9.665,32.75,7.03,25.72,198,10.75
DE1,76.5,79,2.5,50,0,0,78.75,9.25,171.5,1.83,0,18,31.38,10.93,20.45,627.25,12.6675
DE2,74.5,79,5,0,0,0,71.5,10.1,174.25,1.165,0,19,34.265,12.53,21.735,638.5,13.0425
DE3,73.5,75,10,0,0,0,60.25,8.5,166.75,1,0,6.17,25.75,4.835,20.915,515.85,14.7075
DE4,72.5,76.5,97.5,0,0,0,72.25,7.65,186,1.33,0,8.665,32.57,7.185,25.385,654.55,12.6675
DE811,77.5,78,55,0,0,0,82.75,6.525,193.5,1.5,0,6.165,34.615,10.33,24.285,526.1,13.5425
DJ7,75.5,76.5,0,5,0,0,83.875,8.3,198.5,2.5,0,6.17,26.9,9.665,17.235,756.9,14.625
DK3IBZ2,63,63,0,0,0,0,69.625,7.175,152.5,1,0,7.665,31.765,7.98,23.785,432.85,11.79
DK3IIH6,67.5,69.5,0,0,0,0,75.125,7.35,165.5,1.5,0,12.335,34.135,10.95,23.18,630.5,13.25
DK4676A,69,69,50,0,0,1,82.25,7,179.5,1,0,2.67,27.97,4.77,23.2,600.6,13.25
DK6F545,75,78,0,0,0,0,72.625,9.55,171.5,1.83,0,6.5,30.05,7.385,22.665,543.7,13.4575
DK78002A,72,74.5,0,0,0,0.5,92,6.875,184.25,1,0,9.33,29.785,9.35,20.43,531.7,14.165
DK78010,70.5,73.5,0,0,0,0,77.75,7.65,159,0.835,0,6.665,29.4,7.25,22.15,586.25,14.0825
DK78371A,74.5,75,0,0,0,0,76.875,9.375,185.5,0.835,0,4.665,36.5,8.33,28.17,689.25,13.625
DK83IBI3,66,70,0,0,0,0,75.875,7.475,167.5,0.835,0,10.5,31.985,9.015,22.97,652.6,13.0425
DK84BRQ4,73,76.5,0,0,0,0,75.5,9.4,177.25,2.335,0,1.5,30.02,2.515,27.5,425.75,13.375
DK84QAB1,74.5,74.5,0,0,0,0,81.5,9.375,173.25,1.5,0,2.665,35.5,8.35,27.15,628.3,14.3325
DK8F196,74,78,0,25,0,0,84.875,7.45,194.25,2.165,0,5.165,39.2,11.035,28.165,544.65,12.875
DK8M116,76.5,79.5,0,5,0,0,91.5,8.9,199.75,1.5,0,6.5,36.25,9.935,26.315,587.2,14.585
DK8M129,71,74,75,0,0,0,77.375,8.125,180,1.67,0,8.17,28.585,6.6,21.98,765.4,14.2925
DKF274,77,76.5,0,7.5,0,0.5,78.375,8.175,162,1,0,3.5,31.25,6.035,25.215,584.85,13.375
DKFBHJ,72,73,22.5,5,0,0,83.8,6.675,202.25,1.665,0,7.165,30.03,7.4,22.635,515.15,15
DKHBA1,76,77.5,40,0,0,0,87.25,7.675,180,1,0,9.665,37,7.1,29.9,563.75,14.7925
DKIB014,71,73,15,0,0,0,77,9.075,175.75,1.165,0,13.33,33.1,13.23,19.865,541,13.665
DKIB02,64,66,0,2,0,0,70.5,7.85,175,1.33,0,11,33.43,11.5,21.93,531.4,12.5
DKMBNA,67.5,74,65,0,0,0,70.375,8.325,188.5,1.335,0,8.17,33.685,9.04,24.645,534.05,12.3325
DKMBUB,76.5,78,50,0,0,0,76,9.125,195.5,2.5,0,0,25.83,0,25.83,618.05,13.5825
DKMBZA,74,77,50,0,0,0,85,8.5,140.5,0.835,0,9.5,37.365,8.35,29.02,643.25,12.8325
DKMFD-13D,73,76,2.5,0.5,0,0,84.75,9.075,175,1,0,13.835,40.135,11.2,28.935,636.25,13.0825
DKMM402A,72,77,100,0,0,1,74.25,7.2,165,1,0,0.33,25.9,0,25.9,439.2,12.915
DKNL001,71.5,72,0,0,0,0.5,72.75,6.85,174.75,1.665,0,5,25.935,6.265,19.665,559.15,14.0425
DKPB80,77,77,50,0,0,0,82,8.475,191,2,0,7.165,23.635,7.15,16.48,653.1,14.54
DKWDAD1,71.5,72.5,0,0.5,0,0,79.5,6.825,165.75,1.83,0,7.665,30.565,9.38,21.185,617.85,13.585
E8501,73.5,79,0,27.5,0,0,72.5,8.4,170,2.165,0,4.665,33.73,5.9,27.835,413.25,12.625
Eng-Li_Chih,68,68,50,0,0,0,84,9.75,164.75,0.5,0,17,33.685,10.065,23.62,566.35,11.5
EP1,63,64.5,50,50,0,0,56.5,8.575,118.5,1.335,0,14,29.035,9.835,19.2,315.65,11.125
F115,66.5,69.5,82.5,47.5,0.5,0,54.5,8.675,123.75,1.33,0,7.835,25,4.535,20.465,290.45,9.71
F118,78.5,79,0,85,0,0,92.375,8.975,177.5,2.67,0,11.83,24.83,10.2,14.635,598.4,13.29
F2834T,76.5,79,50,35,0,0,82.5,7.675,176,1,0,12.335,43.815,11.62,32.2,506.3,14.2925
F42,67.5,69,5,0,0,0,74.375,7.825,178,1.5,0,5.665,31.55,7.785,23.765,744.55,11.625
F7,59,59,100,0,0,0,68.25,5.75,116,0,0,2,37,1.7,35.3,209.7,8.585
FBLA,70.5,72,0,0,0,0,74.75,6.975,175.75,1.335,0,5.165,29.365,6.435,22.93,590.55,13.4175
FBLL,73,73,0,5,0,0,78.25,7.875,177.25,1.83,0,5.835,21.635,8.55,13.08,699.1,13.165
Fe,77.5,80,10,50,0,0,65.875,5.725,155.25,1.5,0,17.67,26.2,10.7,15.5,334.6,13.7075
FR19,70,71.5,0,72.5,0,0,74.5,9.725,189.75,1.08,0,8.25,30.59,7.605,22.985,517.9,14.25
G22_T122,61,63,50,47.5,0,0,64.5,7.325,144.25,0.5,0,22.5,27.315,9.665,17.65,126.2,11.25
G3_T5a,58,57,0,100,0,0,60,6,138.5,1,0,7.33,30,9.93,20.07,193.9,9.665
GE129,78,84.5,0,92.5,0,0,69.625,9.175,191.5,1,0,22.5,32,12.92,19.085,266.95,16.5
GE54,78.5,84,0,60,0,0,83,10.15,163.25,1.835,0,17.33,28.1,14.115,13.985,390.8,14.04
H105W,70,74.5,0,0,0,0,85.625,7.125,172.25,1.67,0,9.99813752913753,31.9285874125874,9.05144289044289,22.8771934731935,502.45,13.875
H110,83,86,100,0,0,0,76.75,7.1,173.481114258735,3,0,7.67,24.3,8,16.3,346.3,14.25
H113,72,79,0,2,0,0,76.375,7.725,156.25,2.165,0,8,41.75,9.42,32.335,308.6,12.7925
H114,74,75,0,75,0,0.5,65.375,8.325,147.75,1.165,0,4.835,27.72,3.25,24.47,482.4,14.4575
H121,76.5,83.5,100,2.5,0,0,80.9,8.65,151.5,1.17,0,10.665,32.835,8.53,24.3,489.15,12.5825
H122w,75.5,77.5,10,0,0,0,69.5,8.475,180,0.83,0,9,34,10.415,23.58,599.6,15.29
H124w,76,77.5,45,0,0,0,89,8.05,195.75,1.335,0,8,31.065,10.215,20.85,418.55,14.375
H14,77,86,0,60,0,0,78.5,9.7,196,1.33,0,20.67,36.03,11.87,24.17,362.3,13.415
H49,75,76.5,0,75,0,0,79.75,8.6,173.75,1,0,11.67,30.43,10.335,20.1,505.35,14.9575
H5,71.5,77.5,90,0,0,0,82.5,9.2,186.75,1.67,0,10.67,32.565,10.37,22.2,465.95,12.625
H52,87.5,91,100,25,0,0,91.875,9.025,207,4.835,0,17.17,35.735,14.03,21.7,237.45,16.25
H71,75,77.5,50,30,0,0,80.25,9.475,187.25,2,0,20.165,29.53,13.235,16.3,432.55,15.2075
H84,72,78,0.5,0,0,0,68.5,7.425,162.5,0.5,0,7.835,26.55,5.3,21.25,645.15,15.875
H91,75,77,50,0,0,0,85.25,7.95,182.5,1.33,0,9.33,34.8,8.73,26.07,556.9,14.335
H95,73.5,79,0,0,0,0,80.375,8.3,159.25,1,0,10,32.085,8.5,23.58,384.45,12.5825
H99,73,75.5,0,0,0,0,68.375,7.175,130.5,1.165,0,5.665,23.82,4.865,18.95,403.55,12.335
HB8229,77.5,81,0,0.5,0,0,85.875,8.05,156.75,1.5,0,5.67,28.115,5.385,22.735,481.2,14.375
Hi26,81,83,50,50,0,0,95,9.2,171.25,1.31755781637456,0.0169652777777778,9.99813752913753,31.9285874125874,9.05144289044289,22.8771934731935,155.3,13.75
HP301,75.5,79,47.5,50,0,0,82,7.625,168.25,0.665,0.5,17.335,36.735,15.28,21.45,250.85,14.8325
HP72-11,77,81,50,7.5,0,0,88.625,7.625,178.5,0.835,0,14.915,33.71,13.56,20.15,245.45,13.4175
Huanyao,74,75.5,0,60,0,0,74.75,8.45,184.5,2.5,0,21,31.4,7.55,23.85,632.4,14.875
Huobai,78.5,76.5,100,0,0,0,70.75,8.75,199.5,4.67,0,12.5,28.665,7.965,20.7,710.4,16.0425
Hy,74,81,45,47.5,0,0.5,83.375,7.6,203,2.335,0,14.83,30.165,10.88,19.285,544,13.8325
I29,67,69,0,90,0,0,74.5,7.9,147.25,1.665,0.165,12.83,30.93,9.05,21.885,309.8,12.25
IA2132,62,63,100,0,0,0,63.75,7.2,137,0.67,0.67,27.33,32.5,18.5,14,228.9,10.835
Ia453,66.5,74.5,50,50,0,0,79,7.775,129.5,0.165,0.165,14.5,35.035,10.265,24.765,331.2,11.625
Ia5125B,66,67,0,100,0,0,92.375,6.825,160,1.5,0,33.5,26.665,12.75,13.915,424.05,12.375
IBB14,68,71,0,0,0,0,70.75,7.15,160,1.33,0,7,31.47,7.17,24.3,634.4,13.085
IBB15,68,71,0,0,0,0,79.25,7.45,159,2.165,0,11.165,33.415,11.9,21.515,568.95,12.0825
IBC2,70,74,0,0,0,0.5,72.375,7.9,169,1,0,9.165,33.7,7.415,26.285,574.15,11.085
ICI_193,69.5,72,0,1,0,0,71.625,7.525,182.75,1.5,0,6.83,31.185,8.135,23.05,720.25,14.375
ICI_441,73.5,75,0,4,0,0,83,7.875,176.25,2.165,0,4.5,32.885,7.735,25.15,607.15,13.8325
ICI_581,72,75.5,0,1,0,0,71.875,9.3,170.25,1.165,0,3.67,33.15,4.85,28.3,548.95,12.04
ICI_740,75,75,0,5,0,0,85.5,7.65,182,2,0,5.33,33.13,10.87,22.27,761.2,12.915
ICI_893,77,78.5,0,0,0,0,71.625,7.925,153,1.665,0,8.835,30.515,7.95,22.57,546.4,13.9175
ICI_986,72,73.5,52.5,0,0,0.5,78.625,8.375,171.5,1.17,0,6.335,31.215,8.45,22.77,553.3,13.6675
IDS28,73,77,100,0,0,0,71.5,5.35,165,3,0,24,31.4,13.07,18.33,68.5,16.665
IDS69,77,81,0,100,0,0,72.125,7,143.75,1,0,22.335,30.025,11.425,18.6,251.9,14.2925
IDS91,75.5,78,100,1,0,0,83.75,7.1,169.5,1.5,0,20.085,33.985,15.915,18.065,315.55,13.25
Il14H,69.5,76,50,50,0,0,84.125,7.45,180.75,0.335,0,10.665,39.415,13.9,25.515,386.85,12.0825
Il778d,71,75.5,0,100,0,0,73.625,8.075,155.75,0,0,16.5,36.85,16.75,20.1,342.8,11.75
INB_101LFY/LFY_(A632_X_M16_S5),76,84,0,50,0,0,76,5.825,178.25,1.335,0,14.165,28.8,8.98,19.815,304.65,16.375
INBRED_100,82,87.5,100,0,0,0,73.25,8.625,214,0.92,0.165,14.33,25.035,8.335,16.7,518.9,17
INBRED_109,77,79,0,100,0,0,94.375,7.25,173.75,0.835,0,13.665,39.685,15.95,23.73,427.75,13.375
INBRED_141,73,75,0,97.5,0,0,93.25,7.35,215.5,1.67,0.165,11.83,38.135,14.1,24.03,623.6,12.1675
INBRED_2-687,76.5,79,100,0,0,0,81.25,7.55,173,1,0,14.5,35.535,20.05,15.485,336.95,12.5425
INBRED_305,72.5,77.5,0,0,0,0,69.55,9.025,140.25,1,0,16.835,26.58,7.35,19.235,285.85,11.3325
INBRED_309,75,83.5,5,0,0,0,84.875,8.425,174.25,0.83,0,24.17,31.885,10.385,21.5,439.95,12.5825
INBRED_321,77,80,100,0,0,0,82.875,7.975,173.481114258735,1.665,0,10.5,28.48,8.25,20.235,346,14.7075
J47,75.5,78.5,100,0,0,0,90.25,7.05,173.481114258735,1.165,0,8.33,38.715,9.085,29.63,553.9,13.5825
J8606,73,77,0,10,0,0,77.75,7.55,194.5,1.33,0,7.67,39.13,12.53,26.6,662.6,12.335
K148,77,82.5,50,49,0,0.5,83.375,6.825,161.75,2.335,0.165,12,30.515,9.52,21,224.95,13.54
K150,71,76.5,0,50,0,0.5,78,9.35,190.75,1.165,0,17.17,34.285,11.785,22.5,533.85,14.125
K155,79,82,50,50,0,0,74.75,8.3,210.5,0.335,0,25.335,28.93,16.2,12.735,530.6,14.7925
K201,81,82,50,30,0,0,74.5,9.425,211.5,1.835,0,15.165,27.3,10.77,16.535,643.6,16.46
K4,83.5,85,50,47.5,0,0,81.875,8.975,173.481114258735,1.835,0,22.165,31.585,11.335,20.25,254.15,15.125
K41,74,77.5,100,1,0,0,76.25,8.575,184,1.335,0,20.165,40.05,15.785,24.27,419.75,13.71
K47,76,81,0,5,0,0,86.375,8.9,169,1.835,0,13.83,39.63,14.515,25.115,332.1,12.875
K55,77,79.5,70,0,0,0,73.75,7.975,158,0.67,0,15,31.92,7.55,24.365,559.35,14.2925
K64,79.5,80,100,0,0,0,86,8,173.481114258735,0.665,0,12.5,32.415,7.65,24.765,644.3,15.9975
KO679Y,81,82,0,2.5,0,0,85.25,9.1,180.75,1.33,0,6.165,34.935,8.6,26.335,631.7,16.5425
KUNG-70,71.5,74,0,55,0,0,66.375,9.45,131,1.665,0,11.835,31.4,8.5,22.9,364.45,13.25
Ky226,78.5,81.5,100,0,0,0,85,6.775,192,0.665,0,13.335,32.015,6.38,25.635,337.75,14
Ky228,79,86,0,0,0,0,89,8.15,203.5,2,0,19.33,27.73,9.4,18.33,425.4,15.585
L_127,66,67.5,0,0,0,0,71.125,7.05,141.25,1.5,0,14.5,30.57,12.365,18.2,527.7,12.125
L_135,65,67.5,0,0,0,0,74.65,8.075,147.5,0.335,0,12.33,31.1,12.815,18.28,534.75,11.125
L_139,69.5,70,0,0,0,0,77.75,7.95,190,2.665,0,7,31.185,7.05,24.135,589.2,13.375
L_155,68,69.5,0,0.5,0,0,78.25,7.2,154,1,0,6.5,33.565,8.08,25.485,553.05,12.585
L_289,76,76.5,0,100,0,0,88.25,8.425,201.75,0.33,0,17.33,35.715,10.07,25.65,551.15,13.9575
L222,68.5,68.5,2.5,0,0,0.5,75.25,7.375,164,1.665,0,2.665,26.75,5.42,21.335,525.3,10.875
L317,77.5,84.5,0,82.5,0,0,73.125,9.625,237.25,1,0,13.83,32.585,9.285,23.3,381.1,14.79
LH1,74,81,0,5,0,0,75.625,8.825,142.5,0.25,0,5.5,32.365,6.99,25.375,559.1,13.5425
LH119,72,73.5,0,0,0,0,77.625,8.15,170,1,0,7.665,34.2,10.635,23.565,787.85,13.4175
LH123HT,76,78.5,25,1,0,0,83.125,8.05,190.5,2,0,7.165,33.335,8.535,24.8,511.75,15.125
LH127,67.5,67.5,0,0,0,0,72.5,8.15,169.5,1.5,0,3.835,38.07,6.75,31.315,644.9,12.79
LH128,74,75,0,0,0,0,74.375,7.55,167.75,1.835,0,6.67,31.4,7.985,23.415,656.3,14.0825
LH132,72,73.5,0,0,0,0,82.625,7.75,169.75,1.665,0,8.335,32.965,10.25,22.72,676.45,14.46
LH143_(Maintainer),70.5,73,47.5,5,0,0,76.875,5.8,183.5,1,0,11,30.385,7.865,22.52,425.85,14.29
LH145,66,67,0,0,0,0.5,68,7.175,148.25,1.165,0,6,28.565,4.83,23.735,508.7,12.8325
LH146Ht,67,70,0,0.5,0,0.5,84.5,7.475,182,1.165,0,6.835,32.32,6.865,25.45,496.25,13
LH149,67,68.5,0,0,0,0.5,67.125,8.325,179,2.335,0,6,32.115,8.78,23.335,738.8,12.7925
LH150,80,82,40,10,0,0,78.5,7.925,204.5,1,0,6.33,29.15,5.87,23.285,635.1,16.335
LH156,79,79,25,25,0,0,84.25,9.2,157.5,0.5,0,9.5,38.05,10.15,27.9,494.95,13.1675
LH159,83,85.5,50,0,0,0,90,9.325,227,2.17,0,5,34.22,8.365,25.85,97.5,16.25
LH160,63,65.5,27.5,0,0,0,65.875,7.4,168.75,1.165,0,9.835,34.915,12.065,22.85,375.1,12.3325
LH162,65,67,0,2.5,0,0,72.75,6.975,155.75,0.335,0,11.165,32.52,11.285,21.235,581.6,11
LH163,70,70.5,0,0,0,0,71.375,7.825,174.5,1.5,0,5.335,30.215,7.1,23.115,501.65,13
LH164,66.5,69,20,0,0,0,66.875,8.5,147.25,1,0,10.665,28.17,6.65,21.515,523.85,12.29
LH165,69,69.5,0,0,0,0,63.5,8.65,130.5,1.165,0,6.67,27.635,6.135,21.5,596.25,11.4175
LH166,69.5,70,0,1,0,0,76.5,9.95,173.5,0.67,0,2.5,36,5.085,30.915,504.15,12.6675
LH167,68,68.5,60,0.5,0,0,71.375,9.3,160.25,0.67,0,4.665,34.15,6.75,27.4,649.75,11.5
LH169Ht,70,72.5,50,37.5,0,0,68.375,8.375,165.25,0.67,0,6.5,30.965,7.915,23.05,474.7,13
LH172,67,68.5,0,0,0,0,67.375,9.15,135.5,1.5,0,4.165,26.58,6.135,20.45,484.75,12.3325
LH175,66.5,66.5,100,25,0,0,63.875,9.25,138.25,0.835,0,3.165,30.465,3.42,27.05,629.9,12.415
LH181,71.5,77,50,0,0,0,86.25,10.425,198.5,1.835,0,4,37.22,4.47,32.75,736.55,12.75
LH183,73,74,0,0,0,1,68.625,6.675,186,2,0,8.165,35.1,7.885,27.22,430.3,13.5
LH184,77.5,78.5,12.5,0,0,0,78.375,8.8,164.75,1.835,0,6,28.27,8.235,20.035,515.4,13.4575
LH186,76,75.5,0,10,0,0,72.625,8.55,178,2.165,0.165,4.5,34.37,5.35,29.015,734.4,13.125
LH188,77,78.5,50,5,0,0,77,9.1,206.5,1.835,0,6.665,36.115,6.8,29.32,646.15,14.25
LH189Ht,73,76,0,0,0,0,81,9.35,174,1.33,0,2,31.67,2.6,29.07,606.2,12.915
LH190,77,77.5,37.5,2.5,0,0,76.125,7.525,187.5,1.5,0,6.5,33.585,10.165,23.42,591.85,13.5825
LH191,71,71.5,0,2.5,0,0,81.625,8.4,170.75,1.33,0,9.165,32.085,8.385,23.7,858.95,13.5825
LH192,77,77,0,0,0,0,83.25,7.65,162.25,1,0,3.83,26.235,5.3,20.935,581.05,14.5825
LH193,73,76,0,2,0,0,75.75,7.775,150.5,1.67,0,5,29.415,7.23,22.185,820.65,14.125
LH194,75.5,75.5,50,0,0,0,77.625,7.3,160.25,1.33,0,6.335,31.235,8.8,22.43,515.9,14.1675
LH195,76.5,77,50,1,0,0,75.125,8.775,154.25,1,0,6.5,31.95,10.35,21.6,637.8,12.9175
LH196,72,71.5,0,10,0,0,81.5,7.45,185.75,1.165,0,5.835,32.2,8.315,23.885,768.75,13.4175
LH197,73,76.5,0,1,0,0,84.5,7.3,204.5,1.665,0,10.165,32.4,13.38,19.015,747.5,14.4575
LH198,73,74.5,0,0,0,0,84.625,6.75,193.75,1.5,0.165,9.99813752913753,31.9285874125874,9.05144289044289,22.8771934731935,806.5,12.71
LH199,72,74,0,5,0,0,82.5,8.025,158.75,2.5,0,5,30.365,8.05,22.32,704.3,13.875
LH200,71,73,0,3.5,0,0,77.5,8.425,172.25,1.5,0,4,29.285,7.45,21.83,667.95,12.625
LH202,70,73,0,7.5,0,0,76.75,8.475,169.25,1.165,0,5,27.37,7.13,20.23,579.85,12.25
LH204,70,73.5,0,0,0,0,74.5,7.35,169.75,1.165,0,6.165,33.52,7.73,25.78,518.75,13.96
LH205,71.5,73,0,2.5,0,0,76.625,6.875,178.5,2.165,0,5.335,30.335,7.55,22.785,840.95,13.5825
LH206,71.5,73,0,2.5,0,0,86.25,7.9,165,1.5,0,5.83,33.285,7.465,25.815,504.75,12.5425
LH208,74.5,77.5,2.5,10,0,0,84.5,7.9,171,1.335,0,4.665,33.75,6.4,27.35,369.85,12.29
LH210,77.5,78.5,25,0,0,0,79.625,8.85,198.5,1.5,0,8.83,35.53,9,26.53,540.15,14.0825
LH211,76,76,0,0,0,0,76.625,8.375,202.25,1.665,0,9,32.65,8.38,24.265,513.75,13.375
LH212Ht,74.5,75,0,87.5,0,0,80.25,8.175,180.5,0.835,0,4.335,34.765,5.4,29.365,551.25,13.04
LH213,74,78,0,1,0,0,74.625,8.05,196.75,1.5,0,8.665,33.08,7.835,25.25,742.25,14.3325
LH214,76,78,0,1.5,0,0.5,77.75,8.9,177.5,1.665,0,3.165,30.1,4.115,25.98,686,13.375
LH215,74,76,10,1,0,0,76.625,7.4,184,1.165,0,3.665,32.65,6.25,26.4,498.95,13.125
LH216,75,77,0,1,0,0,73.125,8.425,175,2.335,0,6.835,35.715,9.08,26.635,690.25,13.5
LH217,71.5,72,50,0,0,0,74,8.975,161,1.5,0,8.5,34.73,9.1,25.635,589.5,13.0425
LH218,76.5,77.5,0,0,0,0,76.625,9.75,206.5,1.83,0,4.165,36.05,6.165,29.88,776.25,13.75
LH220Ht,72,73,0,50,0,0,78.625,6.775,159.75,1,0,4.665,25.815,4.865,20.95,554.8,13.665
LH222,68.5,68,0,5,0,0,70.5,7.175,148.75,1.83,0.165,5,28.715,4.8,23.915,583.7,12.625
LH223,68,70,0,30,0,0,74,7.375,153.75,1.335,0,7.835,29.965,7.785,22.18,487.35,13.415
LH224,73.5,75,0,0,0,0.5,76.875,6.925,181.25,1.5,0,7.665,29.835,6.435,23.4,526.65,14.75
LH225,66,68,50,0,0,0.5,74.125,7.8,164.75,2.5,0,6.335,26.565,6.18,20.385,519.65,13.4175
LH231,71,71.5,0,0,0,0,81.875,7.825,163.25,1.33,0,5.17,30.37,7.65,22.715,731.3,12.875
LH250,76.5,77.5,0,0,0,0,74.125,10.05,196,1.5,0,7.665,32.665,6.15,26.515,685.2,14.375
LH252,79,86,100,0,0,0,84.125,9.6,219,2.165,0,7,37.3,7.9,29.4,407.35,13.625
LH260,71,71,80,0,0,1,92,11.1,173.481114258735,1.33,0,4.33,30.73,6.7,24.03,339.1,14.33
LH284,74.5,75.5,60,0,0,0,78.25,8.125,170.5,1.665,0,4.335,31.535,5.2,26.335,589.3,13
LH299,67.5,68,0,0,0,0,62.75,9.5,138.5,1.5,0.165,1.165,32.765,0.365,32.4,530.25,11.4575
LH38,70,71,0,0.5,0,0,75.25,8.7,156.5,1.33,0,7.5,27.185,8.65,18.53,695.3,12.0425
LH39,70,70,10,12.5,0,0,76.25,8.725,155.75,1.915,0,7.335,30.12,8.67,21.45,509.7,11.915
LH51,71,71,0,2.5,0,0,76,8.175,170.25,1.5,0,7,37.6,8.835,28.765,717.85,12.8325
LH52,68,67.5,5,0,0,0.5,60,8.95,158,0.5,0,3.33,34.685,4.485,30.2,531,13
LH54,69.5,73,0,0,0,0,62.25,7.8,136.25,2.165,0,4.085,36.09,6.36,29.735,589.9,11.375
LH57,68.5,72.5,0,0,0,0,71.5,8.4,150,1.835,0,6.165,80.535,8,72.535,505.95,11.5825
LH59,72.5,74.5,0,0,0,0,74.75,9.325,171.25,1.835,0,5.83,31.765,6.52,25.25,751.65,12.25
LH60,77,77.5,97.5,0,0,0,72.375,8.3,181.75,1.335,0,3.33,30.265,3.25,27.015,660.5,13.3325
LH61,66,68,95,0,0,0.5,67,9.225,159,1.165,0,5.665,33.065,7.88,25.185,645.1,12.0825
LH74,70.5,70,2.5,0,0,0,78.2,7.575,171,1,0.5,6.25,27.625,6.51,21.115,576.15,13.04
LH82,69,70,0,10,0,0,69,9.4,140.5,1,0,7.5,32.565,7.365,25.2,528.3,11.9575
LH93,72.5,76.5,0,3.5,0,0,72,8.3,169.75,1,0,6,35.07,10.48,24.58,514.9,11.96
LIBC_4,65.5,67,0,0,0,1,75.625,8.8,155.5,0.335,0,4.335,29.48,8.22,21.27,653.5,12.0425
LP1_NR_Ht,72,75.5,0,25,0,0,88,7.3,182.5,1.5,0,9.17,32.035,8.365,23.67,522.4,13.9175
Lp215D,68.5,72,75,0,0,0,72.625,9.575,166.5,1.5,0,3.165,37.95,7.015,30.935,561.8,12.2925
LP5,70,72,5,0,0,0.5,75.875,8.225,161.25,1.5,0,4.165,30.67,7.1,23.57,642.25,13.2075
M14,71.5,73,0,80,0,0.5,72,8,158.75,1,0,10.83,33.915,10.63,23.285,488.1,12.5
M162W,90,89,0,2.5,0,0,69.875,9.425,175.75,1.31755781637456,0.0169652777777778,9.99813752913753,31.9285874125874,9.05144289044289,22.8771934731935,467.45,16.8325
M37W,84,88.5,0,50,0,0,92,9.175,208.75,1.335,0,11.67,39.27,12.5,26.77,233.6,15.6675
MBPM,77,77,0,0.5,0,0,68.625,8.45,187.5,0.665,0,5.5,30.6,6.95,23.65,520.1,13.75
MBST,72,74,0,26,0,0,83.875,8.1,171.25,1.415,0.5,9.99813752913753,31.9285874125874,9.05144289044289,22.8771934731935,712.95,12.375
MBWZ,76,76.5,0,0,0,0,84.375,8.225,200,1.165,0,9.83,30.25,6.55,23.7,728.4,14.915
MEF156-55-2,62.5,62.5,100,0,0,0,65.55,7.075,149,1.165,0,11,30.7,7.165,23.535,66.4,12.665
MM501D,76.5,79.5,50,1.5,0,0,80.75,9.075,148.75,1.165,0,5.5,25.715,5.085,20.635,625.3,13.5825
Mo13,85,90,0,5,0,0,82.5,9,197.5,1,0,12.33,30.67,7.07,23.6,336.4,15.835
Mo15W,77,81,100,1,0,0,79.5,8.525,186,0.67,0.165,18.165,27.585,9.62,17.965,432.8,15.4575
Mo16W,80,79.5,50,0,0,0,95.25,8.075,190,1.665,0,9.835,31.1,10.22,20.88,303.75,16.7925
Mo17,73,78,50,10,0,0,71.625,8.175,186.75,1.335,0,4.335,33.215,5.515,27.7,606.4,12.585
Mo1W,74,76.5,50,7.5,0,0,74,9.05,180,1.335,0,15,32.85,13.05,19.8,517.15,15.04
Mo23W,86,88.5,0,75,0,0,94,8.325,202.75,1.31755781637456,0.0169652777777778,9.99813752913753,31.9285874125874,9.05144289044289,22.8771934731935,251.8,16.625
Mo24W,77,83,100,0,0,0,94.25,8.85,186,3.33,0,16.33,36.03,18.37,17.67,556,15.25
Mo28W,81,87,20,0,0,0,79.5,7.7,194,0.33,0,14.33,33.5,9.17,24.33,395.6,15.585
Mo3,81,84.5,0,0,0,0,90,7.75,237.75,1.67,0,16.665,32.4,11.45,20.95,369.9,16.085
Mo39,79,78.5,100,0,0,0,85.125,8.5,173.481114258735,1.335,0,5.5,33.8,7.665,26.135,567.05,14.165
Mo44,78.5,80,10,0,0,0,94.5,7.5,208.5,1.165,0,9,38.715,12.57,26.15,470.3,16.25
Mo45,78,80,50,90,0,1,96.75,8.05,185.75,2.165,0,11.165,37.6,12.15,25.45,450.85,14.5
Mo46,67,71.5,0,0,0,0,73.875,8.95,178.75,1.165,0,12,28.235,9.65,18.58,450.3,11.54
Mo47,74.5,76.5,50,5,0,0,94.25,8.075,171.75,1.5,0,12.83,35.45,11.8,23.65,393.15,12.7925
MoG,80.5,85,97.5,0,0,0,79,12.4,199.75,3,0,16.335,34.95,11.915,23.035,394.6,15.5
MQ305,67.5,66.5,0,0,0,0,71.5,7.875,165,1,0,8.835,25.45,8.385,17.065,511.35,10.5
MS106,71,74,0,2,0,0.5,65.625,7.225,141.75,1.335,0,9.335,34.415,11.485,22.93,459,12.25
MS116,66.5,74.5,50,0,0,0,74.75,9.5,179.5,0.5,0,12.165,30.135,6.55,23.585,216.1,12.415
MS132,77.5,77.5,100,0,0,0.5,72.625,8.9,155,1.83,0,11,32.23,10.835,21.4,423.4,14.2925
MS1334,63,62.5,20,0,0,0,67.5,7.35,175.75,1,0,8.67,34.415,10.8,23.615,454.95,11.415
MS142,65.5,63.5,5,10,0,0.5,59.125,7.075,154,0.835,0,11.165,33.115,9.22,23.9,503.8,11.375
MS153,68,70.5,0,2.5,0,0,68.625,8.4,154,1.835,0.165,27,34.965,12.02,22.95,481.9,13.54
MS200,66.5,72.5,50,40,0,0,69.5,7.025,173.481114258735,1.5,0,17.665,24.1,11.8,12.3,555.6,12.5825
MS221,75.5,76.5,0,0,0,0,64.875,7.95,159.5,0.5,0,7.835,27.13,6.5,20.63,657.55,13.96
MS222,69.5,70.5,0,0,0,0,72.375,7.9,166.25,0.835,0,8.335,26.45,7.44,19.01,643.65,14.0425
MS223,72.5,74,45,7.5,0,0,87,8.2,199.25,0.67,0,12,34.125,9.665,24.46,529.8,14.29
MS224,73.5,79.5,100,0,0,0,78.625,8,197.5,2.335,0,11.5,35.465,11.05,24.415,519.3,14.21
MS225,70,77,80,40,0,0.5,83.75,8.325,184.25,3,0.165,19.5,36.28,14.45,21.83,395.45,14.54
MS226,71.5,71,25,52.5,0,0,73,7.425,185,1,0,3.5,27.485,5.8,21.685,541.6,13.7925
MS24A,65,67,100,0,0,1,94.5,9.5,139,1.67,0,16.67,27.97,10.97,17,591.6,12.75
MS67,76.5,79,25,50,0,0,63.125,10,139,0.335,0,18.335,28.585,7.815,20.765,384.2,13.5425
MS71,71,75.5,1,2.5,0,0,79.625,9.1,174.25,1,0,10.5,31.96,10.49,21.465,517,13.5
MS72,67.5,72.5,52.5,0,0,0,74.375,8,183,1.165,0,13.335,31.07,7.865,23.2,408.1,13.875
Mt42,62,63.5,0,100,0,0.5,64.275,7.85,124.75,0.335,0,10.335,24.35,7.715,16.63,298.1,10.9575
N192,68,70,0,0,0,0,79,8,161,2.835,0.335,5.83,29.265,7.97,21.3,684.55,13.75
N193,69,72,100,0,0,0,81.5,7.75,172.5,2.335,0,8.165,34.835,8.425,26.41,679.95,14.2075
N199,76,77,50,0,0,0,87.25,7.6,198.75,2.165,0,2.665,29.435,3.865,25.565,596.6,16.665
N200,78,83,65,0,0,0.5,87,8.95,183,1.165,0,4.17,33.05,4.95,28.1,448.9,15.625
N201,76.5,77,2.5,10,0,0,79.75,7.35,209.5,2.835,0,7.335,28.08,8.535,19.55,684.3,14.7925
N209,73,75.5,15,5,0,0,82.875,9.175,160,0.83,0,8.5,29.5,8.235,21.265,630.95,14.71
N215,76.5,77.5,51,0,0,0,82.375,9.825,180.5,0.335,0,14.83,30.185,9.4,20.785,574.4,13.4175
N217,77,77.5,25.5,0,0,0,80.5,6.275,162.5,1.33,0,7,32.865,9.75,23.12,514,13.54
N218,76.5,78,25,0.5,0,0,87.625,7.425,180,1,0,5.17,35.635,8.215,27.415,494.55,14.7075
N28,76,78,0,10,0,0,78.25,7.4,192,2,0,11.67,28.6,10.17,18.43,174.1,15.835
N28Ht,77,77,0,95,0,0,76.5,8.2,180.5,1.33,0,10,28.83,8.27,20.57,604.1,14.335
N501,68.5,72.5,75,10,0,0,82.625,9.325,177.75,2,0,8.17,35.53,7.7,27.83,351.75,13.5825
N523,73,77.5,0,75,0,1,87,7.75,203.25,1.67,0,9,28.25,6.985,21.27,510.85,14.835
N527,71.5,79,0,5,0,0,91.875,7.5,164.25,1,0,11.5,36.135,17.315,18.815,397.75,13.7075
N534,74,78,0,57.5,0,0,74,9.15,195,1,0.165,11.835,33.335,8.9,24.435,546.9,13.3325
N538,76,77.5,15,1,0,0,86.25,7.875,172.75,0.335,0,9.665,32.465,8.83,23.635,502.5,13.375
N540,78,77.5,10,0,0,0,90.5,8.3,175.25,0.835,0,13,32.03,9.665,22.365,556.75,14.335
N542,74.5,76.5,0,16,0,1,84.5,10.05,163,1.165,0,9.99813752913753,31.9285874125874,9.05144289044289,22.8771934731935,560.5,12.75
N545,80,83.5,95,0,0,0,85.125,8.325,189.25,0.5,0,13.33,32.765,9.92,22.85,425.1,14.3325
N6,71.5,76.5,90,0,0,0,72.375,5.725,160.25,1.5,0,16.665,30.7,11.05,19.65,550.65,14.625
N7A,75,78,0,0,0,0,81.75,7.975,183.5,1.335,0,11.335,26.985,7.75,19.235,557.1,14.75
NC13,80,89,0,50,0,0,87.5,9.35,215,1.67,0,15,35.53,13.5,22.03,173.5,16
NC230,80.5,82,0,0,0,0,76.125,10.7,164,1.165,0,12,30.85,11.165,19.685,365.5,16.1675
NC232,81,85.5,50,30,0,0,73.625,9.3,164.25,1.835,0,16.67,33.135,12.385,20.75,540.3,15.5425
NC236,80,81.5,0,92.5,0,0.5,76.75,8.875,160.75,1.835,0,15.835,33.47,12.735,20.735,284.5,14.0425
NC250,77.5,78,5,50,0,0,64.875,6.525,156.75,1.165,0,3.665,27.985,16.585,11.4,444.95,14.875
NC258,81,84,100,0,0,0,94,8.125,173.75,0.5,0,7.17,24.25,6.6,17.65,483.75,14.4175
NC260,77,81,50,0,0,0,82.875,7.25,196.5,1.665,0,13,37.05,12.315,24.735,419.9,14.4575
NC262,71,77,0,10,0,0,74.875,7.175,140,1,0,6,33.15,4.685,28.465,487.6,12.9575
NC264,79.5,81,0,2.5,0,0,82.375,8.2,184.5,1.165,0,17,33.835,10.15,23.685,557.15,14.5
NC290A,76.5,86.5,0,5,0,0,81,7.125,163.25,1.165,0,8,33.6,7.6,26,285.85,14.125
NC294,78,81,0,40,0,0,72.125,8.525,222.25,1.83,0,6.165,23.3,6.15,17.15,563.55,17.4575
NC298,81.5,82,35,1,0,0,64.25,8.65,178.25,1.665,0,13.335,33.015,12.785,20.23,331.4,15.7075
NC302,78,80.5,50,0,0,0,79.25,8.425,164.25,0.835,0,12.165,31.8,10.2,21.6,385.25,14.71
NC306,76,78,0,5,0,0,77.25,8.8,202.5,1.67,0,10.67,26.17,7.17,19,560,17.085
NC310,77,77,0,32.5,0,0,83.25,8.425,188.5,2.67,0,11.83,27.68,8.665,19.015,553.65,15.125
NC318,80,81,2.5,0,0,0,92,7.825,186,0.665,0,20.5,32.45,10.9,21.55,359.35,14.9575
NC324,76.5,81,10,1,0,0,75.875,5.55,185,1.165,0,5.665,29.95,6.45,23.5,235.85,16.125
NC326,77.5,79,5,0,0,0,84.375,8.325,199,1.835,0,7.835,29.15,7.98,21.17,611.35,15.165
NC328,75.5,76,0,0,0,0,80,8.725,189.25,1.835,0,6,23.635,7.235,16.4,725.65,14.165
NC338,84,84.5,100,0,0,0,58.625,8.85,177,1.67,0.165,12.67,24.95,10.95,14,288.95,14.04
NC340,86.5,89,0,1,0,0,89.5,7.375,228,1,0,12.67,32.38,9.665,22.715,328.5,18.8325
NC342,75,77.5,52.5,0,0,0,84.125,9.025,190.25,1.33,0,8,32.035,7.565,24.47,550.55,15.7075
NC348,77,77.5,75,0,0,0,75.25,8.25,197,1.17,0.165,11.335,31.115,10.365,20.75,365.55,15.6675
NC350,83,83,0,2.5,0,0,102.875,6.975,176,1.335,0,14,37.515,15.28,22.235,216.05,15.1675
NC356,80.5,82,45,0,0,0,82.25,7.45,194.75,0.665,0,15,32.44,10.46,21.985,304.5,15.8325
NC358,79.5,81,100,2.5,0,0,67.25,8.9,168.25,0.335,0,13.165,23.465,7.1,16.365,564.7,15.4575
NC362,77,79.5,0,2.5,0,0,87.5,6.5,198,2,0,4.33,37.165,5.7,31.465,326.4,15.4175
NC364,74,77,100,0,0,0,78.25,6.1,163.25,1.665,0,10.335,29.565,7.685,21.88,427.4,15.1675
NC368,78,80.5,40,2.5,0,0,82.5,9.525,205.25,2.335,0,9,22.985,7.2,15.785,434.15,17.29
ND167,61.5,62,75,0,0,0,50.75,5.85,108.5,0.165,0,13,25.6,7.4,18.2,167.5,10.0425
ND245,62,64.5,50,0,0,0,61.625,7.175,164.25,1.17,0,11.83,28.085,11.07,17.015,422.5,11.9575
ND246,61,63,50,0,0,0,60.25,6.85,160.75,0.835,0,11.67,30.62,10.8,19.82,341.4,11.1675
ND247,66,68,0,100,0,0,61,5.8,104.5,1,0,17,33.83,12.67,21.17,156.2,12.085
ND251,62,63,100,0,0,0,53.5,8.25,103.5,1,0,9.67,24.97,8.37,16.6,329.1,11.5
ND259,65,67.5,50,30,0,0,74,8.525,152.75,0.33,0,6.67,32.22,7.5,24.715,513.4,10.6675
ND260,64,63,0,100,0,0,70,5.75,135,0.33,0,3.67,33.1,4,29.1,340.3,9.165
ND262,61.5,60,0,0,0,0,56.25,7.2,109.5,1,0,13.33,30.8,10.115,20.685,431.05,10.8325
ND265,66,66.5,0,100,0,0,62.375,7.5,157.75,0.5,0,12.165,29.935,9.32,20.615,449.7,11.625
ND283,66,67,0,97.5,0,0,53.375,7.05,152.5,0.665,0,16.335,24.7,10.85,13.85,218.5,12.9175
ND287,63.5,65,50,2.5,0,0,65.3,7.625,132.25,1.165,0,12.335,28.085,9.6,18.485,265.95,11.3325
NK740,73,77,50,0,0,0,73.5,8.325,182.75,1.835,0,5.835,36.3,8.015,28.285,563.55,13
NK794,68,68.5,0,0,0,0,79.75,8.425,160,1.165,0,7.665,27.665,6.585,21.085,599.45,13.3325
NK807,66,67,0,0,0,0,68.125,7.9,180,1.835,0,4.665,21.035,3.665,17.37,479.1,12.4175
NK907,63.5,64.5,0,0,0,0.5,69.625,7.05,145,1,0,2.67,32.415,4.365,28.05,448.15,11.375
NKBCC03,74,78,55,0,0,1,81.625,8.4,174,1.335,0,9.5,37.75,8.3,29.45,630.2,12.375
NKH8431,71,71,50,0,0,0,75.875,8.7,172.75,1.5,0,6.665,26.75,7.15,19.6,768.7,12.8325
NKNP901,71,74,0,15,0,0,78.75,8.25,191.5,1.335,0,10,35.55,11.25,24.3,741.6,12.9175
NO._380,61.5,63,0,60,0,0.5,74,7.45,140,0.835,0,10.17,30.985,11.615,19.37,314.9,11.415
NORTH_7,69,71.5,90,0,0,0,76.125,8.25,163.25,1.33,0,11.17,28.5,6.485,22.015,553.2,12.25
NP87,76,80,50,20,0,0,75.5,8.6,176.5,1.165,0,27.165,31.96,14.71,17.25,530.4,16.75
NP899,71,76,0,0,0,0,75.375,9.4,192.75,0.665,0,14.335,35.52,12.65,22.865,611.45,12.2925
NQ402,68,72,0,0,0,0,74.625,7.725,193,1.5,0.5,6.17,37.52,11,26.515,700.7,13.4175
NQ508,72,75,0,0,0,0,65.5,7.825,164.5,1.67,0,5.335,29.285,6.765,22.515,418.75,12.4175
NS501,69,70.5,10,15,0,0.5,73.875,6.625,174,1.335,0,13.5,26.7,10.585,16.12,511.2,13.5825
NS701,74,75,12.5,5,0,0,80.625,7.175,202,1.165,0,6.5,29.23,9.265,19.965,742.15,14.4175
NY_159_(Neveh_Yaar),74.5,77.5,100,0,0,1,69.5,8.6,179,3,0,17.5,33.865,13.265,20.6,491.35,13.71
NY_166_(Neveh_Yaar),71,77,10,0,0,0,72.25,8.8,188.5,2,0,20.67,36.47,13.47,23,498.8,11.25
NY6371,77,81,75,10,0,0,86.875,7.75,191,0.165,0,12,34.165,11.33,22.835,486.7,13
OC19,73,73,50,50,0,0,62,7.725,136.5,0,0,5,26.6,6.065,20.535,186.35,11.9175
Oh33,76.5,81,100,0,0,0,87,7.55,197,1,0.165,12,37.67,15.065,22.6,353.95,14.5425
Oh40B,74.5,79,50,50,0,0,79.875,8.625,173.481114258735,1,0,7.665,36.415,8.65,27.77,536.15,12.0825
Oh43,70,72,0,2.5,0,0,75.875,9.075,179.75,1.665,0,5.665,34.05,8.02,26.03,747.1,12.375
Oh43E,70,73,20,5,0,0,77.625,8.1,156,1.835,0,6.33,30.6,7.55,23.05,485.45,12.9175
Oh603,76,78,90,0,0,0.5,83.125,9.175,205.25,1,0.335,14,37.1,12.63,24.47,530.35,15.625
Oh7,77,81,100,0,0,0,82.25,6.825,219.25,1.835,0,14.835,33.865,12.5,21.365,479.15,14.5425
Oh7B,79,84,90,0,0,0,89.5,8.175,191.25,0.665,0,8.5,36.985,9.38,27.6,493.25,13.2075
OQ101,64.5,65,0,5,0,0,67.125,7.35,130.75,0.165,0,19.335,25.885,11.3,14.585,387,11.8325
OQ403,65.5,66,20,0,0,0,66.375,6.9,164.75,1,0,3.67,27.75,4.885,22.865,468.35,11.915
OQ601,70.5,74,0,0,0,0,78,8.075,186.5,2.165,0,7.665,35.885,10.385,25.5,597.35,12.2925
OQ603,68,70,0,0,0,0,72,6.8,170.25,1.335,0,7.165,27.75,7.815,19.935,527.95,13.165
Os420,68,76,0,100,0,1,85.75,8.65,185,1.67,0,10,34.7,8.9,25.8,503.4,12.585
OS602,68,68.5,0,0,0,0,81,7.575,170,0.835,0,6.165,30.35,6.65,23.7,530.4,12.75
P39,68,72,0,90,0,0,82.25,7,151.25,1,0,22.085,32.56,15.35,17.21,394.1,13.0425
Pa392,67.5,71,45,5,0,0,88.125,8.475,163.25,1.5,0,9.83,32.185,10.115,22.065,505.4,12.625
Pa405,69.5,72.5,10,0,0.5,0,75.8,7.25,174.5,1,0,14.5,26.365,9.565,16.8,441,13.4575
Pa468,70,76.5,100,0,0,0,78.375,8.025,173.481114258735,0.665,0,14.5,32.15,12.97,19.18,357.2,12.835
Pa762,74,75.5,30,30,0,0,67.25,9.45,170.5,2,0,6.5,28.415,6.1,22.32,604.7,13.875
Pa880,77.5,80,0,2.5,0,0,89.5,8.775,186.75,3.67,0,20.17,32.05,18.265,13.78,353.05,15.5
Pa891,78,82,100,27.5,0,0,92.25,8.9,210.5,0.665,0,12.835,34.865,12.17,22.7,511.6,14.1675
Pa91,76,81,0,3.5,0,0.5,100.125,8.925,202,1.335,0,11.165,38.15,12.38,25.765,556.45,13.2925
PH207,66,71,0,0,0,0,78.25,8.125,164,1,0,15.165,33.985,13.9,20.085,586.6,12.25
PH5HK,71,72,0,0,0,0.5,75.375,7.95,183.75,1.335,0,13.33,39.18,13.715,25.465,820.3,12.625
PHAA0,64.5,65.5,0,0.5,0,0,68.625,8.075,160,1.835,0,2.17,30.8,2.435,28.37,716.7,12.375
PHAW6,73,74,5,0.5,0,0,77.275,8.35,161,1.67,0,9.67,36.75,10.065,26.68,681.05,12.375
PHB09,71.5,73.5,0,0,0,0,63.125,8.95,154.5,0.835,0,4.835,34.935,8.215,26.72,464.15,12.96
PHB47,73,74,50,2.5,0,0,76.375,9.6,201.5,2,0.165,5.5,29.53,7.165,22.365,701.15,14.75
PHBA6,71,73,0,0,0,0.5,80.5,8.1,203.75,1.165,0,14,40.085,13.17,26.915,716.65,13.9575
PHBB3,73.5,78,0,0,0,0,83.5,9.95,184,2.665,0,3.5,29.77,5.45,24.315,559.25,13.5
PHBW8,73,73,50,0,0,0,76.75,7.85,184,1.165,0,9.665,34.1,9.3,24.8,907.7,14.2075
PHEG9,75.5,76.5,0,0,0,0,76.375,8.2,174.5,1.665,0,4.835,37.515,9.3,28.215,588.85,15.2075
PHEM7,61,62,100,0,0,0,68.5,5.85,188,0.67,0,9,35.07,9.9,25.17,382.6,11.335
PHEM9,66,66.5,25,0,0,1,74.5,9.025,166,1.5,0,4.67,32.03,7.815,24.215,614.1,12.375
PHEW7,72.5,72.5,0,0,0,0,88,9,183.25,1.165,0,3.165,34.315,5.435,28.88,647.3,13.79
PHFA5,62.5,63.5,0,6.5,0,0,67.5,8.1,180.25,1.165,0,5.165,28.55,7.05,21.5,582.65,12.625
PHG29,68,72.5,0,2.5,0,0,79.375,8.7,161.5,0.665,0,21.83,36.085,13.95,22.135,651.2,12.5
PHG35,70.5,73,0,0,0,0,73.5,9.375,152.75,1,0,4.665,38.815,8.45,30.365,504.3,11.25
PHG39,76,76.5,40,1,0,0,77.875,8.35,195.5,0.835,0,4.67,34.065,8.665,25.4,508.2,14.415
PHG47,68.5,71.5,0,0,0,0,66.25,8.175,152,2.165,0,8.165,33.35,7.35,26,572.9,12.665
PHG50,68.5,70,2.5,0,0,0.5,75.75,8.775,149.75,1.5,0,7.415,33.44,7.775,25.665,726.5,12.25
PHG71,70,72,0,0,0,0,78.25,7.9,178.25,1.165,0,7.665,28.35,6.58,21.77,547.6,13.375
PHG80,71,72,0,2.5,0,0,70.625,9.4,160.75,1.165,0,3.165,25.56,3.685,21.875,593.65,12.25
PHG83,71,74,0,25,0,0,73.25,8.05,167.25,1.835,0,10.25,38.425,12.885,25.54,613.55,12.25
PHG84,78.5,83,0,0,0,0,79.125,8.55,171.5,1.335,0,9.335,37.6,9.25,28.35,276.1,13.2925
PHG86,75.5,77.5,0,0,0,0,86.5,7.275,193.25,1,0,2.665,33.385,3.315,30.07,530.5,14.5425
PHGG7,64,65,0,97.5,0,0,75.125,6.35,200.25,1.165,0,12.67,34.6,13.285,21.32,384.15,12.625
PHGV6,82,83,0,15,0,0,83.375,9.55,212.75,1.665,0,6.165,31.915,7.585,24.33,635.9,14.7075
PHH93,67,71,0,0,0,0.5,81.875,7.05,170,1.165,0,11.33,30.065,11.47,18.6,641.75,12.5
PHHB4,74.5,76,0,3.5,0,0,72.25,7.925,202.25,1.165,0,1.165,36.65,1.6,35.05,711.75,14.875
PHHB9,76,75.5,0,0,0,0,79.875,7.4,169.25,1.33,0,3,33.92,6.835,27.085,792.8,13.5425
PHHH9,76.5,79,0,1,0,0,78.625,8.575,199.5,1.5,0,6.665,35.435,7.785,27.65,740.95,15.2075
PHJ33,71,72.5,0,15,0,0,67.25,8.525,171.25,0.835,0,13.335,30.45,9.68,20.765,712.4,13.2925
PHJ40,64,63.5,0,0,0,0,71.25,8.15,155.5,1,0.165,3.83,31.115,5.02,26.1,600,12.5425
PHJ65,80.5,86,100,15,0,0,95.375,8.925,217.75,1.165,0,19.165,31.45,10.5,20.95,518.7,17.625
PHJ70,76,75.5,50,1,0,0,70,8.275,188.75,1.665,0,7.165,27.75,6.565,21.185,783.2,14.25
PHJ75,63.5,65,0,0,0,0,65.125,8.175,169.75,1.665,0,7,27.28,9.6,17.685,500.3,11.665
PHJ89,68.5,69.5,0,0.5,0,0,68.5,8.5,178,1.83,0,3.5,31.88,5.15,26.735,595.95,13.0825
PHJ90,67.5,71.5,0,0,0,0,74.625,8.45,155,0.665,0,8.67,31.565,7.985,23.585,606.8,12.375
PHJR5,71,72,80,0,0,0,77.625,9.3,205.25,1.5,0,4.33,39.05,10.665,28.385,793.55,13.625
PHK05,58.5,59.5,0,27.5,0,0,62,7.7,176.5,1.33,0,11.165,31.035,8.765,22.27,444.95,12.2925
PHK29,76,76.5,0,0,0,0,87.6,8.9,181,1,0,7.835,32.58,10.1,22.485,721.6,13.96
PHK35,73.5,77.5,0,0,0,0,74,7.975,196.75,1.165,0,4,33.215,7.165,26.05,604.2,13.29
PHK42,68.5,72.5,1,0,0,0,76.5,7.925,163.5,1.165,0,13.835,32.335,11.65,20.685,751.5,11.915
PHK46,76.5,83,0,0,0,0,92.125,7.425,197.5,1.165,0,4.335,33.63,7.8,25.835,500.9,14.46
PHK56,71.5,75.5,0,0,0,0,70.625,9.575,178.5,0.835,0,4,37.085,7.1,29.98,776.85,12.625
PHK74,64.5,65.5,0,0,0,0,62.625,8.125,165,0.835,0,8.5,26.335,7.7,18.63,599.85,11.915
PHK76,70,70.5,95,0,0,0,69.625,9.05,178.25,1.335,0,5.33,32.78,10.635,22.15,614.6,12.79
PHK93,80.5,84,0,0,0,0,77.5,8.95,164.25,1.835,0,7.165,28.435,5.935,22.5,518.85,14.165
PHKE6,67,68.5,10,2.5,0,0,74.5,9.575,165.75,1,0,16.835,27.65,9.965,17.68,669.2,11.75
PHKM5,62.5,63,2.5,0.5,0,0.5,67.75,6.6,156.5,1.5,0,7.085,24.75,7.24,17.51,460.85,12.2925
PHM10,71,73,0,2,0,0,76.5,8.05,182,1,0,8.33,32.17,9.93,22.23,524,12.665
PHM57,80,80.5,0,0,0,0,80.875,9.6,180.75,0.335,0,7.33,34.785,8.53,26.25,540.45,15.0825
PHM81,61,60.5,0,0,0,0,61.5,8.875,130.25,0.835,0,9.67,22.55,6.13,16.42,504.3,9.71
PHMK0,81,85.5,0,0,0,0,81,8.95,208.5,1.335,0,9.165,34.915,9.1,25.815,542.6,16.0425
PHN11,66.5,67.5,0,0,0,0,76.875,7.925,150,1.5,0,15.835,29.815,12.5,17.32,742.75,12
PHN18,75,76.5,0,12.5,0,0,74.875,9.075,176.75,1,0,5.335,28.985,16.615,12.365,582.1,13.625
PHN34,77,76,0,0,0,0,82,7.775,188.25,2.835,0,20.17,37.08,12.7,24.385,497.25,13.96
PHN41,71,71,0,27.5,0,0,72.25,7.45,156.25,1.335,0,4.835,24.9,5.285,19.615,654.85,14.1675
PHN46,76.5,76.5,10,0,0,0,63.875,9.275,177,1.665,0,5.67,34.365,9.4,24.965,501.75,12.5825
PHN47,83.5,88.5,90,0,0,0,70.125,9.6,186.75,2.165,0,18.5,34.785,12.585,22.2,470.65,15.79
PHN66,75,76.5,0,30,0,0,74.875,8.275,187,1.335,0,4.835,33.065,4.585,28.48,599.9,15.25
PHN73,71,72,0,0.5,0,0,71.75,8.775,182.25,1.33,0,3.835,35.03,6.435,28.6,546.05,12.6675
PHN82,71,77,0,1,0,0,76.425,9.125,173.481114258735,1.33,0,8,31.635,7.82,23.815,651.95,13.085
PHP02,66,68,0,0,0,0,76.75,8.8,157.75,0.835,0,15.835,29.965,12,17.97,694.8,12.25
PHP38,73,75.5,25,1,0,0,85.375,8.275,177.75,1.165,0,10,39.95,11.85,28.1,600.9,14.375
PHP55,69,72.5,2.5,0,0,0,76.875,8.725,175.75,1,0,14.335,30.685,9.8,20.885,838.9,13.125
PHP60,83.5,85,100,0,0,0,84.5,8.1,191,1.835,0,7.665,31.3,10.135,21.165,480.1,15.5825
PHP76,70.5,73,0,0,0,0,75.125,7.85,161.25,1.5,0,10.335,34.315,9.885,24.43,641.3,13.5
PHP85,74.3333333333333,76.6666666666667,33.3333333333333,0,0,0,85,9.01666666666667,178.166666666667,1.11333333333333,0,6.33333333333333,35.8,9.27666666666667,26.5233333333333,568.533333333333,14.0266666666667
PHPR5,71,72,57.5,0,0,0,79.375,8.95,191,1.83,0,8,35.95,12.65,23.3,760.5,14.29
PHR03,78.5,81,50,0,0,0,76.625,9.1,190.75,0.5,0,12.5,32.035,9.25,22.785,551.8,14.1675
PHR25,63,64,0,0,0,0,69.25,8.15,173.75,1,0,11,28.4,6.45,21.95,463.75,12.5825
PHR31,72,75.5,50,0,0,0,81.375,9,178,1.83,0,9.835,37.265,9.815,27.45,711.45,14.4175
PHR32,75,77.5,5,0.5,0,0,82,9.6,211.75,1.165,0,4.665,29.765,4.285,25.485,623.3,15.665
PHR36,75,76,0,0,0,0,67.625,8.825,173.5,0.835,0,16.67,28.75,9.185,19.57,376.4,13.7925
PHR55,76,77,5,0,0,0.5,81.5,8.25,179,0.83,0,12.165,32.35,8.58,23.765,471.1,14.2925
PHR58,76,77.5,75,0,0,0,74.375,9.1,195.75,1.5,0,6.5,40.735,8.885,31.85,811.45,14.21
PHR61,75.5,76,0,0,0,0,76.375,9.075,205.25,0.665,0,2.335,32.25,4.7,27.55,663.7,14.875
PHR62,70,74,25,0,0,0,78.625,8.95,192,1.5,0,9.835,37.185,14.465,22.72,810.7,13.415
PHR63,72.5,77,0,0,0,0,74.1,9.125,160.75,1,0,5.33,34.7,8.615,26.08,630.5,13
PHRE1,63,62.5,0,0,0.5,0,62.95,7.325,149,2,0,2.835,28.75,4.15,24.6,567.25,12.6675
PHT10,76,77,40,0,0,0,77.875,7.65,200,1.335,0,8.165,30.45,9.165,21.28,621.4,13.835
PHT11,72.5,74,5,25,0,0,82.25,8.925,226,0.835,0,2.665,32.95,2.98,29.97,731.75,15.0825
PHT22,74.5,77,0,0,0,0,75.75,9.3175,173,1,0,7,34.8,7.885,26.92,705.85,13.375
PHT47,73,76,0,2,0,0,84,8.35,202.5,1.33,0,3.33,35.23,7.27,27.97,772.4,14.665
PHT55,78,81,25,0.5,0,0,80.375,8.925,203.75,1.5,0,5.5,34.4,7.9,26.5,529.7,14.3325
PHT60,71.5,72,25,0,0,0.5,78,8.775,172.75,1.165,0,2.67,31.5,5.115,26.385,537.55,12.7925
PHT69,69,71.5,0,2.5,0,0,74.125,7.775,170,1.5,0,2.665,30.7,4.82,25.885,751.15,13.5
PHT77,70,72,0,2.5,0,0,72.25,8.95,188.75,1.835,0,2.67,35,7.62,27.385,685.9,13.25
PHTD5,64.5,64.5,1,0,0,0,68,7.375,149,1.165,0,10.5,30.35,9.165,21.18,490.05,11.6675
PHTE4,67.5,68.5,12.5,45,0,0,68.125,6.6,165.5,0.335,0,3.835,38.435,8.315,30.12,515,12.3325
PHTM9,66,66,0,0,0,0.5,73.125,8.3,180.75,1,0,3,30.185,9.365,20.82,579.35,12
PHV07,76,77.5,0,0,0,0,70,8.075,166.25,0.5,0,1,32.3,1.435,30.865,498.85,14.29
PHV37,71,72,0,0,0,0,79.75,8,181.5,1.67,0,3.33,36.13,3.33,32.8,734.1,14.165
PHV53,77.5,81,0,2.5,0,0,92.75,9.725,200.25,1,0,7,50.485,18.83,31.65,472.95,13.9175
PHV57,66.5,67,0,0.5,0,0,76.75,9.2,161.75,1.335,0,11.5,29.13,8.565,20.565,675,12.9575
PHV63,75.5,78,50,0,0,0,89.375,7.05,176.25,1,0,7.5,33.915,9.615,24.3,636.05,14.125
PHV78,76,82,5,2.5,0,0,75,9.025,199.25,0.5,0,11.665,42.53,14.985,27.55,576,12.7075
PHVA9,68.5,70,0,0,0,0,78.625,9.275,188.75,1,0,2.835,34.26,7.085,27.175,690.95,12.625
PHVJ4,64,64,0,0,0,0,76.875,7.825,173.25,1,0,4,31.65,8.335,23.315,474.6,11.9175
PHW03,67.5,67,2.5,2.5,0,0,74.625,9.225,192,1.335,0.165,2.83,29.15,4.92,24.235,612.85,12.875
PHW06,62.5,64,0,1,0,0,63.25,7.75,141,0.335,0,6.5,23.415,7.8,15.62,423.25,11
PHW17,73.5,75.5,0,15,0,0,79,7.275,214.25,1.33,0,5.835,26.515,8.05,18.465,693.1,15.165
PHW20,68,72,0,0,0,0,72.625,7.725,186,1.335,0,4.83,31.365,5.485,25.88,622.35,13.75
PHW30,69.5,73.5,0,0,0,0,76,6.1,193,0.5,0,10,29.8,9.835,19.97,664.5,13.375
PHW43,70,72,0,0,0,0,83.875,10.825,181.5,1.665,0,5,37.33,9.68,27.65,733.05,11.875
PHW51,77,78,0,1.5,0,0,69.125,8.3,180.25,1.165,0,6.335,26.93,7.115,19.815,545.6,15.165
PHW52,72,75.5,0,0,0,0,75.625,8.05,163.75,1.165,0,6.415,39.175,10.535,28.64,690.55,13.5425
PHW53,74,75.5,0,2.5,0,0,75.25,8.575,158.5,1.335,0,8.5,31.785,9.285,22.5,620.6,14.5425
PHW80,71,71.5,0,35,0,0,58.25,8.825,173.75,0.835,0,6.5,28.965,7.17,21.8,506.4,12.7075
PHW86,66,69,0,0,0,0,73.5,8.125,154.75,1.165,0,10.165,24.65,5.565,19.085,654.15,12.21
PHWG5,76.5,78.5,95,0,0,0,81.625,9.725,178,0.835,0,4.665,35.085,6.92,28.165,656.9,13.9575
PHWRZ,71,71,20,0,0,0,73.375,10.25,165,1.33,0.165,4.25,29.81,6.235,23.575,735.65,13.25
PHZ51,73,73.5,0,0,0,0,73.925,8.1,197,1.165,0,12.33,35.22,11.98,23.23,495.5,15.835
R101,71,76,0,80,0,0,75,8.15,189,1.33,0,11.67,32.33,9.33,23,377.5,14.25
R113,71,73,5,27.5,0,0,70.375,9.3,161.25,0.5,0,20.665,27.58,10.085,17.5,563.85,13.75
R134,78,80.5,50,5,0,0,78.625,9.125,214.25,1,0,25.17,34.285,14.915,19.37,521.35,15.4175
R177,72.5,78.5,0,0,0,0,76.5,9.025,206.5,1.335,0,9.5,29.635,11.67,17.965,113.7,14.125
R181B,72,73,100,0,0,0,94,8.65,189.5,0.67,0,7.67,37.77,7.63,30.13,472.5,13.5
R197,76,75,75,5,0,0,80.5,8.7,192.75,2.165,0.335,13.5,35.185,12.8,22.38,532.2,14.0825
R225,79.5,81,25,55,0,0,90,7.125,212.75,1,0,17.335,33.6,13.065,20.535,468.25,17.4575
R226,77,77.5,75,62.5,0,0,72.75,8.975,195,2.335,0,9.33,25.735,4.95,20.78,601,16.25
R227,77,83.5,25,2.5,0,0,92.625,10.375,197.5,1.335,0,7.17,28.9,10.05,18.85,481.9,14.75
R229,75,77,0,0,0,0,77.75,8.3,183.5,2,0,7.33,32.6,9.13,23.47,402.6,14.835
R4,75,79,100,0,0,0,75.5,8.775,197.25,1.5,0,8.17,35.1,7.965,27.135,405.4,14.2925
R53,64.5,66,0,75,0,0,74.5,7.125,141.25,0.165,0,10.165,39.115,12.765,26.35,359.25,11.8325
R71,73,77,100,0,0,0,83.375,7.95,155.5,1,0,18.33,24.17,10.55,13.615,370.8,13.46
R78,74.5,77,100,0,0,0,82.75,8.775,159.75,0.165,0,20.835,32.135,13.3,18.83,511.6,13.5425
RS_710,63.5,65,0,0,0,0,62.375,9,140.75,1,0,4.5,21.4,4.1,17.3,435.75,12.1675
S_56,58.5,61.5,97.5,0,0,0,74.875,7.4,118,0.835,0,5.165,29.85,8.75,21.1,282.75,9
S8324,66.5,69,1,0,0,0,71.325,8.3,159.75,1.75,0.165,8.92,21.775,8.63,13.14,623.6,12
S8326,75.5,79.5,100,0,0,0,78.625,8.8,177.25,0.665,0,13.67,30.18,8.785,21.4,666.15,13.04
SD101,72,72,5,3.5,0,0,71.75,8.4,168.25,1,0,10.835,26.985,6.8,20.185,564.95,13.875
SD102,71.5,74.5,0,2.5,0,0,69.125,8.325,143.5,1.5,0,5.335,26.215,5,21.22,532.25,12.875
SD15,70.5,72,100,47.5,0,0,74,9.275,204,1.335,0,8.165,29.17,5.235,23.935,676.05,14.46
SD40,71,77,0,2.5,0,0,81.25,6.925,170.75,1,0,4.835,34.15,6.42,27.73,683.6,13.9175
SD42,70,72,100,0,0,0,80.75,9.5,161.5,1.67,0,17.67,38.83,12.67,26.17,206.7,14.335
SD44,67.5,68,2.5,0,0,0,77.25,8.825,187.75,0.665,0,12.665,30.93,10.535,20.4,657.1,13.75
Seagull_Seventeen,72.5,76.5,0,5,0,0,70,8.925,182.75,1.335,0,5.5,38.665,7.935,30.735,752.55,12.6675
Sg_1533,82,84,50,50,0,0,72.125,7.925,173.481114258735,2.665,0,20.5,30.215,10.085,20.13,329.35,15.875
Sg_18,73.5,77,50,45,0,0,87.625,6.325,190.75,1.165,0,13.665,34.12,11.07,23.05,460.55,14.4575
SG_30A,73,75,100,0,0,0,78,5.7,173.481114258735,6.33,0,23.67,35.63,13.43,22.2,203.3,16
T141,66,69,50,15,0,0.5,78.25,8.4,189,1.5,0,14.33,27.615,9.4,18.215,671.1,16.125
T146,66.5,69,60,0,0,0,55.625,6.575,120.25,1.165,0,21.165,26.135,12.815,13.32,219.85,12.165
T232,78,82,100,0,0,0,80,7.725,198,1.165,0,19.67,31.615,12.25,19.365,175.2,13.4575
T242,65,70,0,40,0,0,66.375,8.325,138,1.67,0.165,14.83,35.5,9.35,26.15,128.65,11.5825
T8,81,78.5,50,40,0,0,86.125,8.025,212.75,1.83,0,15.83,31.665,8.685,22.985,472.9,15.915
Tr,73,75,0,90,0,0,95.5,8.25,170.5,2,0,23.67,28.07,12.93,15.13,559,14.085
Tx303,85,89,100,0,0,0.5,87.25,9.225,212.75,1.83,0.335,19.67,40.5,14.05,26.45,473.65,13.875
TZU-CHIAO-HSI-WU_105,75.5,76,100,45,0,0.5,79.5,8.45,210.5,2,0,11.67,37.85,9.735,28.115,681.5,15.165
U_123,62,63,100,0,0,0,53,6.55,157.5,0,0,11,27.33,8.33,19,345.7,11.585
U267Y,84,93,97.5,0,0,0,75.875,9,172,1.31755781637456,0.0169652777777778,9.99813752913753,31.9285874125874,9.05144289044289,22.8771934731935,59.85,12.2075
Va102,72.5,77,0,10,0,0,72.625,10.025,176.25,1.335,0,9,39.05,9.9,29.15,530.65,12.625
Va14,77.5,86,0,1,0,0,81.375,8.225,163.5,1.335,0,14.335,37.37,10.735,26.635,64.4,14.29
Va22,77,79,100,0,0,0,71.25,10.45,160,3.33,0,23,30.57,9.33,21.23,496.2,16.165
Va26,72,72,60,0,0,0,83.75,8.675,179,2.335,0,24,35.385,16.3,19.085,737.9,13.75
Va35,74.5,77,0,45,0,0,69.125,8.225,169.5,0.835,0,7.165,33.7,9.115,24.58,471.25,14.875
Va38,74.5,76,100,25,0,0.5,77.75,7.825,177.25,0,0,13.335,28.5,6.285,22.215,677.7,14.2075
Va52,72,76,97.5,0,0,0,81.25,8.325,150.75,1.165,0,8.5,30.985,9.2,21.785,439.05,12.0825
Va59,74,79,2.5,1,0,0,74.875,7.95,163.25,1,0,13.335,30.53,9.115,21.415,421.4,12.04
Va85,76,77.5,50,47.5,0,0,86.5,7.375,200.5,1.5,0,4.835,35.5,6.785,28.715,573.2,15.375
Va99,73,76,10,0,0,0,82.5,9.6,192,0.67,0,14.33,37.1,13.43,23.67,650.4,14
VaW6,73,77,0,5,0,0,85.75,9.2,146.5,1,0,10.33,35,10.33,24.67,304.3,14.25
W117HT,64.5,66,0,0,0,0,64.875,6.25,110.75,1.5,0,12,32.935,13.635,19.3,309.8,10.1675
W153R,65,65.5,50,50,0,0,53.375,7.725,125.75,0.5,0,17,25.38,9.47,15.92,534.6,12.1675
W182B,64.5,64.5,100,30,0,0,63.125,8.875,162.5,0.165,0,13.835,30.115,13.73,16.385,453.45,12.4575
W182BN,66,67,50,90,0,0,66.75,7.7,177.75,0.33,0,15.665,32.625,14.97,17.655,468.6,12.54
W182E,66.5,68,50,50,0,0,65,9.225,151.25,1.5,0,9.665,29.25,10.22,19.035,413.95,12.9175
W22,71.5,75.5,55,15,0,0,73.25,8.525,160,2.165,0,13.665,29.22,11.465,17.75,478.1,13.875
W23,70,72.5,50,75,0,0,71,8.4,201,1.5,0,12.5,30.45,11.365,19.085,605.25,12.915
W24,72.5,76,100,0,0,0,79.75,7.5,181,1.5,0,13.67,38.715,12.865,25.85,545.85,14.75
W32,72.5,75,0,55,0,0,69.875,9.2,170.5,1.165,0,15.665,29.985,8.45,21.535,533.25,15
W37A,65,67,100,25,0,0,61.125,9.5,189.75,1.5,0,12.665,28.8,10.22,18.585,660.75,13.54
W552,67,71,0,45.5,0,0,69,7.15,146,1.165,0,5.5,30.52,6.65,23.865,479.05,11.5
W601S,73,78,0,100,0,0,71.5,8.6,140.25,1.165,0,9.67,30.95,8.73,22.215,335.15,12.0425
W602S,70,74.5,97.5,25,0,0,63.625,7.475,159.75,1.5,0,8.5,27.865,9.18,18.685,425.25,13.2925
W603S,70,73,50,0,0,0,80.25,7.975,161.5,1.5,0,5.17,36.6,8.52,28.085,582.55,12.1675
W604S,69,72,50,50,0,0,79,7.925,171,1.335,0,3.165,37.235,3.315,33.915,517.85,13.8325
W605S,71.5,76,0,50,0,0,75.75,7.7,175.75,1,0,10.17,30.8,8.465,22.335,781.2,14
W64A,68.5,70,5,0,0,0,65.875,8.875,161.75,1.335,0,5,29.45,5.335,24.12,554.05,13.0825
W802G,66,68,100,0,0,0,53.25,6.6,96.5,0,0,7.33,26.13,5.43,20.7,34.5,11.085
W809G,75.5,77.5,50,35,0,0,92,6.8,230,2.17,0,4.335,37.235,9.15,28.08,628.15,14.54
W810G,74.5,78,75,0,0,0,80.875,8.05,166,0.835,0,11.165,37.53,8.85,28.685,297.1,12.4175
W811G,76,79,0,50,0,0,77.375,7.025,193.5,1.5,0,12,29.835,10.815,19.02,596.2,15.165
W812G,76.5,78,0,2.5,0,0,74.375,7.925,156.5,1.165,0,6,31.915,9.07,22.85,501.1,12.54
W813G,71,76,0,0,0,0,84.25,6.95,166,1,0,6,39.1,9.2,29.9,583.2,14.5
W814G,74.5,77.5,0,0,0,0,65.75,7.8,116.5,1.165,0,2.5,36.62,3.43,33.18,431.05,11.7925
W815G,76,77.5,0,0,0,0,74,8.7,224,0.83,0,4.335,32.765,5.735,27.035,566.75,13.875
W816G,73.5,77,0,0,0,0,93.25,8.925,196.5,1.165,0,3.835,36.25,6.45,29.8,618.6,12.8325
W817G,75,79,0,95,0,1,71.25,8.9,187,1,0,5.67,28.93,3.83,25.1,623.4,13.835
W818G,81.5,84,97.5,0,0,0.5,77.75,8.075,223.75,1.67,0,10,30.42,10.485,19.935,459.25,17.125
W819G,75,77,0,10,0,0.5,93.75,7.65,190.5,1.67,0,5.335,34.615,10.585,24.03,621.15,13.4575
W821G,76.5,78,0,1,0,0.5,59.875,9.275,183.75,0.5,0,3.335,28.585,3.685,24.9,588.1,15.5825
W8304,75,78,0,0,0,0,83.625,8.775,189,1.5,0,7.165,25.55,6.48,19.065,644.4,14.5
W8555,76,77,0,1,0,0,87.75,7.075,204.25,1.5,0,8.665,27.8,8.93,18.87,716.45,15.2075
W9,65,66,0,0,0,0,69.5,7.5,176,1,0,10,21.7,5.97,15.73,436.5,13.335
Wf9,72,74.5,52.5,1,0,0,76.625,10.6,187.5,1,0,13.835,32.135,10.215,21.92,854.55,14.415
WIL500,77,79,0,50,0,0,82,7.75,123.5,1.33,0,13,24.83,9.47,15.37,301.7,13.5
WIL900,74,77,30,45,0,0,73,9.075,167.5,1,0,4,38.185,7.33,30.85,832.55,13.875
WIL901,76,77,25,25,0,0,73.875,9.35,191.25,0.835,0,9.665,42.32,9.17,33.15,489.05,13.04
WIL903,73,77,90,10,0,1,63,10.25,184,2,0,8.67,32.63,6.5,26.13,994.3,14
WR3,67.5,69,0,100,0,0,74.25,7.5,207.75,1,0,23.665,27.58,11.95,15.63,368.65,12.9575
WU-TAN-TZAO,76,77,47.5,54.5,0,0,89.375,9.15,187.25,1,0,9.83,35.265,7.015,28.25,490.65,14.4575
WXB6,76,80,0,5,0,0,83.5,7.725,175,1,0,15,34.565,10.635,23.935,431.25,13.6675
YANG,64.5,64.5,50,47.5,0,0,66.625,8.125,160,1.165,0,12.5,28.715,8.065,20.65,320.1,11.8325
YE_4,73,75.5,50,70,0,0,67,7.85,175,1.83,0,20.5,31.385,9.415,21.965,487.75,14
YE-CHI-HUNG,69.5,71.5,50,50,0,1,75.125,7.15,200,2.5,0,14.665,33.215,13.335,19.88,334.35,14.21
YELLOW_3-4,68,70,50,50,0,0,60.25,7.425,173.481114258735,1.5,0,23.585,28.06,14.135,13.925,298.15,14.25
YING-55,66,71,47.5,37.5,0,0,81.125,9.075,174,0.83,0,14.33,36.915,10.75,26.165,456.3,12.165
Yong_28,76,77.5,90,0,0,0,77.875,7.825,173.481114258735,1,0,33,35.2,20.78,14.415,518.65,14.0425
Yu796_NS,70,71.5,0,3,0,0,73.5,9,146.75,1.665,0,8,34.765,9.4,25.365,521.45,11.7075
ZS01250,65,66,95,0,0,0,61,7.35,157,1.33,0,5,32.5,10.67,21.83,455.4,11.835
ZS1791,74,75.5,10,0,0,0,70.5,8.175,142.25,1.67,0,5.83,29.98,7.865,22.115,736.65,14.5
ZS635,70.5,71.5,0,50,0,0,78,7.45,171.25,1.335,0,6.165,33.335,6.365,26.965,733.2,13.375
