GenotypeID,EarHeight_MImean,EarLeaf_MImean,LeafNumber_MImean,EarPcttoFlag_MImean,LargestLeafLength_MImean,LargestLeafWidth_MImean,LargestLeafNumber_MImean,NumberofLeavesLargesttoEar_MImean,TasselHeight_MImean,PlantHeight_MImean,WeightofDriedLeafDIsksMG_MImean,NumberofDisks_MImean,SpecificLeafWeightMG_MImean,Moisture_MImean,DaysToPollen_MImean,Yield_MImean,SeedsNumber_MImean
11430,83.75,13.25,18.25,0.725877192982456,82.3,8.05,12,-1.5,227.75,182.75,49.2,6,8.2,8.15,60,798.7,50
1538,74,12,18,0.666666666666667,76.5,7.3,12.5,0.5,220,182.75,58.4,6,9.73333333333333,8.95,58.5,573.8,53
2369,108.25,14.25,19.75,0.721710526315789,72.95,8.7,14,0,226,190.25,55.65,6,9.275,8.8,64,699.9,53
29MIBZ2,79.5,12.25,16.75,0.731107026143791,78.65,8.3,11,-2,193.75,155,50.95,5,10.3291666666667,7.3,56,581,53
2FACC,87,14.25,21,0.678571428571429,NA,NA,13,-1,202.75,170.25,49.95,6,8.325,8.7,63.5,622.1,49
2FADB,91.5,13.75,20.75,0.6625,71.3,7.3,13,-0.5,203.25,173.75,53.4,6,8.9,8.3,62.5,522.1,53
2MA22,52.25,10.5,16.25,0.646139705882353,81.25,8,11.5,1,200.5,156.75,60.7,6,10.1166666666666,8.05,60,564.6,53
2MCDB,64.25,11.75,18.75,0.62719298245614,79.15,7.95,11.5,0,234.25,199.5,57.25,6,9.54166666666665,7.85,60,630,53
33-16,110,14,20.5,0.666666666666667,80,9,12,-2,216.5,176,54.9,6,9.15,5.6,70,185.6,53
38-11,130.75,15.75,20.75,0.758928571428571,95.45,7.15,13.5,-2.5,225.5,191.75,54.4,6,9.06666666666667,7,70.5,504.5,53
3IJI1,89.25,13.25,17.5,0.757352941176471,69.8,10.1,12,-1,196,156.75,63.4,6,10.5666666666667,6.5,55.5,632.7,53
4554_INBRED,52,9.5,14,0.678571428571428,56.65,7.6,9,0,155.75,126,47.85,5,9.84583333333333,9.2,51,299.5,53
4578_INBRED,83.5,15.5,20.75,0.747023809523809,72.35,7.45,12.5,-3.5,179,141,63.95,6,10.6583333333333,9.45,62.5,578.3,53
4722,113.5,15,20,0.75,89.5,8.65,13,-2,229.5,189.5,51,5.5,9.27666666666667,8.7,71.5,310.3,53
4F-234_BX_4,126.75,16.5,21.25,0.776515151515152,70.95,8.5,15,-2,213,186,64.05,6,10.675,8.65,64.5,495.9,53
4F-306_108,94.75,16,20,0.801002506265664,63.45,7.35,14,-2,191.75,155.25,42.7,4,10.6,8.9,61,260.5,50
4N506,108.75,15.25,22,0.693181818181818,69.65,7.2,13,-2.5,223,185,64.45,6,10.7416666666667,8.5,65.5,570.2,53
52220,41.5,17.25,22.75,0.75740542066629,56.75,8.25,15.5,-1,108.75,78.25,52.1,6,8.68333333333333,5.85,68,295.5,53
6F629,96.75,13,18.75,0.693713450292397,74.75,8.85,12,NA,209.25,174,56.05,6,9.34166666666667,7.8,62.5,418.4,49
6M502,78.75,13.25,18,0.736111111111111,76.35,10.15,12.5,-0.5,194.75,154.25,55.3,6,9.21666666666665,9.9,68.5,503,53
6M502A,77.5,12.75,18,0.708333333333333,82,10.15,11.5,-2,194.5,155.25,58.9,6,9.81666666666665,8.85,66,654.1,53
764,65.5,12.75,18,0.708333333333333,65.5,7.65,12,-1,174.25,141.75,68.5,6,11.4166666666667,9.05,57.5,415.3,53
78551S,72.75,12,18,0.666666666666667,78.45,8.75,11,-1,212.75,164.5,71.3,6,11.8833333333334,7.5,59.5,575,49
787,94.5,13,22,0.591520798042537,82.5,9.35,13,0,254,223.25,57.8,6,9.63333333333335,10,70,576.2,53
792,90,15.25,21.25,0.717207792207792,79.9,7.8,14,-1.5,193.25,158.5,59.7,6,9.94999999999999,8.9,61,608.7,53
793,84,14,20.25,0.691071428571429,77,8.05,13,-0.5,201.75,167.25,55.3,6,9.21666666666667,NA,61.5,591,53
80-2,67.5,11,17,0.648182189542484,60.9,5.55,10,-1,179.25,153.5,68.45,6,11.4083333333333,6.95,55,385.9,53
87916W,80,13.75,20.25,0.679166666666667,65.9,7.3,13,-0.5,177.75,154.25,54.8,6,9.13333333333333,8.95,65,358.1,53
904,56.5,11.25,17,0.662071078431373,71.95,7.8,11,-0.5,198.25,159.75,56.55,6,9.425,7.9,55,596.5,50
911,56.25,13,18.75,0.692543859649123,59.5,7.85,12.5,-0.5,162.5,132.25,63.45,6,10.575,9.9,56.5,550.9,53
912,51.75,11.75,16.25,0.723345588235294,66.6,8.55,11.5,-0.5,168.5,129,69.45,6,11.575,8.25,55,683.5,53
91IFC2,94.5,12.25,16,0.765625,61.2,7.5,11,-1.5,206,166,60.25,6,10.0416666666667,7.85,57,490.3,53
A,76.25,15.75,23.5,0.677536231884058,NA,NA,NA,NA,196.75,173,48.95,6,8.15833333333333,6.35,68,216.3,53
A12,62,12,17.75,0.675653594771242,70.45,8.25,12,-0.5,168,135.5,52.2,6,8.7,5.95,55.5,250.7,51
A15,44.5,8.5,13.25,0.642857142857142,NA,NA,NA,NA,161,130.75,45.35,4.5,10.1,NA,53,320.7,53
A155,69.75,10,14.25,0.701648351648351,68,8.45,9.5,-1,185.25,147.5,62.3,6,10.3833333333334,6.8,56,375.7,53
A239,102.75,14,19.25,0.727631578947368,81.55,7.8,12,-2,203.5,171.25,58.7,6,9.78333333333333,7.1,63,399.9,51
A258,93,14.25,19.75,0.721710526315789,78.25,8.75,12.5,-2,172,148.25,48.8,6,8.13333333333333,7.25,63,300.7,53
A305,97.5,12.5,18.75,0.666885964912281,68.4,8.4,12,-1,213,176,66.85,6,11.1416666666666,NA,55.5,399.8,53
A321,55,10,14.5,0.69047619047619,NA,NA,NA,NA,157,132,65,6,10.8333333333333,6.35,60,282.3,53
A322,105.5,13,17.75,0.732843137254902,69,7.85,12,-1,202.5,179,68.4,6,11.4,6.6,57,454.1,53
A334,52,9.5,14.75,0.642857142857143,66.25,6.4,10.5,1.5,149.25,127.25,61.6,6,10.2666666666667,7.95,55,381,53
A340,81.75,13,17.5,0.746052631578947,67.8,7.3,11.5,-1.5,186.75,153.5,57.35,6,9.55833333333334,8.5,56,330.1,53
A344,52.5,11,16,0.686887254901961,53,7.35,11,0,135.75,101.25,58.7,6,9.78333333333335,NA,52,347.7,53
A374,92.25,14.25,19.5,0.730921052631579,87.25,6.3,13,-1,201.75,165.75,51.4,6,8.56666666666666,7.1,62,492.3,53
A3G-3-3-1-313,80.5,13.25,19.5,0.68077485380117,65.55,6.5,12.5,-0.5,175.5,148.75,60.2,6,10.0333333333333,11.1,67.5,348.6,53
A401,86.75,13.25,17.25,0.76797385620915,66.7,9.1,12.5,-1,166.75,140.5,52.8,6,8.8,7.7,61.5,400.6,53
A415-1-3_INBRED,140,16.5,22.5,0.733201581027668,85.5,7.7,15,-1.5,274.25,228.75,57.85,6,9.64166666666665,6.4,68,470.5,51
A427,83,12.75,17,0.75,84.75,9.05,11,-2,199.5,165,56.8,6,9.46666666666667,6.8,61,462.6,53
A508,56.25,10.75,15.25,0.705208333333333,NA,NA,NA,NA,160.25,129,53.7,6,8.95,5.6,52,340.6,53
A548,60,11,16.25,0.677389705882353,77.15,7.55,11,0,175.75,136.25,52.6,6,8.76666666666667,5.55,57,290.9,53
A554,57.5,11.5,16.5,0.696691176470589,66.25,7.85,11,-1,160,128.25,60.55,6,10.0916666666667,5.3,56.5,276.8,53
A556,56.5,13.25,19.75,0.682539682539683,69.4,8.75,14,NA,177,139.75,52.95,6,8.825,6.6,61,428.6,53
A572,59.25,10.75,16.5,0.653084150326797,64.8,8.05,12,1.5,173.75,144.25,55.85,6,9.30833333333335,8.65,54,427.9,53
A619,53.25,11,16,0.6875,64.6,8.1,11,0,190.25,151.75,58.2,6,9.69999999999999,NA,58,519,53
A627,NA,NA,18.5,NA,73.45,7.1,11.5,NA,172.75,142.75,60.45,6,10.075,9.55,62.5,365.9,52
A632,96.5,13.25,19.75,0.671271929824561,75.6,7.45,11.5,-2,214.75,180.25,57.55,6,9.59166666666668,7.25,61.5,374.6,53
A634,89,14.75,20.5,0.719642857142857,79.6,7.2,13.5,-1.5,197,162.75,61.45,6,10.2416666666667,6.65,61.5,458.8,53
A635,73.25,14.25,20.5,0.694642857142857,73.6,6.65,14,-0.5,181.25,149.25,68.1,6,11.35,7.05,60,381.7,53
A648,85.25,14.5,20.25,0.716353383458646,67.85,6.95,12.5,-2,190.5,158.75,59.2,6,9.86666666666665,8.45,62.5,415.9,53
A649,52,9.5,13.75,0.690934065934066,70.25,6,9.5,0,167.75,124.75,55.25,6,9.20833333333334,NA,55,250,53
A651,34.25,10,15.25,0.65625,56.6,7.65,9.5,-0.5,125.75,109,57.95,6,9.65833333333333,6.4,54.5,304.8,53
A654,44.5,9.5,14.75,0.644345238095238,64.2,7.6,10.5,0.5,154,127.5,48.2,6,8.03333333333333,8.7,54.5,501,53
A659,83.25,12,17.5,0.686274509803922,89.3,7.5,10.5,-1.5,200.75,164.25,48.75,4.5,10.7333333333333,7.45,61,523.3,53
A661,76.75,12.5,16.5,0.756944444444445,68.9,8.45,12,-1,184.75,153.25,51.7,6,8.61666666666667,7.05,53,517.6,53
A662,61.5,9.75,14.75,0.662660256410256,61.9,8.6,9.5,0,183.5,144.75,58.6,6,9.76666666666665,7.4,52.5,496.4,52
A663,110.5,13.75,18.75,0.733187134502924,65.3,9.6,11,-3,218.25,184.75,60.55,6,10.0916666666667,8.25,65,449,53
A672,79,13.5,20.5,0.657894736842106,81.325,6.05,13.25,0,198.25,165.75,69.8,6,11.6333333333333,NA,60,344.8,53
A673,55.25,10.75,17,0.632352941176471,59.35,7.95,10,-0.5,148.5,122.75,48.75,6,8.125,7.6,54,391.1,50
A674,54,10.5,16,0.65625,68.15,7.85,10,-0.5,189.75,144.5,60.8,6,10.1333333333333,7.95,57.5,471.4,49
A679,87.5,13,17.75,0.732843137254902,81.3,8.7,12.5,-0.5,210,170.75,56.55,6,9.425,9.1,60.5,660.6,53
A680,108.5,13.75,19.5,0.705263157894737,79.7,8.15,13.5,0,217.75,187.5,56.55,6,9.42499999999998,8.25,66,559.2,53
A682,76.75,10.25,15,0.683333333333333,72.25,7.65,9,-1.5,206.5,161.75,50.7,6,8.45,7.65,56,597.8,53
A71,97.25,14,19.25,0.727631578947368,74.65,8.7,13,-1,196.25,162,57.25,6,9.54166666666666,8.15,61,319.3,53
A73,72,14.5,20.5,0.707738095238095,67.5,9.55,12.5,-2,165.25,139,48.65,6,8.10833333333333,7.35,60,474.6,53
A797NW,77,14.5,22,0.658333333333333,84.6,6.7,14,1,214,172,51.8,6,8.63333333333333,NA,75,159.4,53
A96,39.5,8.75,14,0.624084249084249,67.5,7.95,10,0.5,155.75,123,52.65,6,8.775,6.9,55.5,368.6,53
AM0776,89.75,12.5,17.5,0.714052287581699,70.5,7.5,11.5,-0.5,213.75,177.75,61.75,6,10.2916666666667,6.1,55.5,546.4,53
AQA3,65.25,11.75,17.75,0.661764705882353,68.7,7.35,11.5,0,195.25,154.25,64.9,6,10.8166666666666,9.2,56,556.7,53
AR228,116.5,15.5,21,0.738365800865801,72.5,7.65,13,-3,217.25,182.25,58.1,6,9.68333333333335,7.95,71,407.2,53
AS6103,78.25,13.25,19.25,0.688157894736842,83.65,8.15,13,-0.5,176.25,144,59.95,6,9.99166666666668,9.2,64,581.4,53
AusTRCF_306238,125,14,19,0.736842105263158,84.15,8,10,-4,238.75,200.25,57.55,6,9.59166666666667,8.5,69.5,674.3,53
B-18_INBR.FR.SUPERGOLD,104,19,23,0.825922266139657,72.65,4.75,NA,NA,175.25,150,51.5,5.5,9.34333333333333,7.6,61.5,185.7,53
B-28,95.5,15.75,21.75,0.724567099567099,71.4,5.8,14,-1.5,180.75,149.5,61.95,6,10.325,9.75,64,271.7,53
B10,86.5,16,22,0.727272727272727,99,9,15,NA,203,166,57.2,6,9.53333333333333,6.3,69,280,50
B101,85.25,15.25,20.5,0.744047619047619,79.95,6.6,12,-3,166.25,137.5,44.55,6,7.425,NA,70.5,189.6,53
B104,82.75,15.75,22.75,0.692193675889328,85,7.4,14,-1.5,179.5,149,51.9,6,8.65,9.2,64,631.6,49
B105,70.75,12.75,20.25,0.629761904761905,81.1,9.4,13,0.5,224.25,181.5,63.3,6,10.55,9.15,63,776.9,53
B106,85.5,13.5,19.25,0.701315789473684,76,6.75,12.5,-0.5,200.5,167.75,56.35,6,9.39166666666667,6.55,61.5,260.2,53
B107,98.75,12.75,17.75,0.718137254901961,83.3,9.55,11,-2,229,186,57.15,6,9.525,6.2,60.5,572.7,49
B108,69,11.75,21.5,0.545995670995671,70.55,5.65,11.5,0.5,173.75,148,56.45,6,9.40833333333333,9.05,63,479,49
B109,100.75,14,20,0.7,77.25,8.45,12.5,-1.5,231.25,191.75,60.4,6,10.0666666666667,8.85,63.5,853.4,51
B14,85.75,13,20.75,0.626785714285714,91.6,7.45,12.5,-0.5,212.25,174,51.3,6,8.55,7.25,64.5,400.8,53
B14A,83.5,14,21.25,0.659090909090909,93.3,8.3,13.5,-0.5,202,171.5,57.75,6,9.625,7,63.5,533.9,49
B164,86.5,12.75,19,0.671052631578947,74.75,7.05,12,-0.5,198.5,165.5,46.5,6,7.75,7.3,60.5,395.2,53
B37,87.75,11.75,17.5,0.671875,69.6,9.55,11.5,-0.5,205.25,170,70.8,6,11.8,7.75,66.5,497.4,49
B42,88.5,14,19,0.736476608187134,81.5,8.65,11.5,-2.5,192.25,157.5,62.4,6,10.4,9.2,65,488.8,52
B46,76,13.5,21.5,0.629067852437418,79.65,9.8,12.5,-1,202,167.5,59.15,6,9.85833333333331,7.15,67.5,486.9,53
B52,84.75,14.5,20.5,0.707142857142857,76,8.4,12,-2.5,191.25,156.5,58.7,6,9.78333333333333,9.25,71,428.8,50
B57,85.5,14.25,20.5,0.695238095238095,79.45,8.45,13,-1.5,183.5,152.75,56.05,6,9.34166666666667,7.15,62,531.1,52
B64,90.25,14.5,20.25,0.716071428571428,88.8,7.6,14,-0.5,194.5,148.5,58.55,6,9.75833333333334,7.65,69,454.9,53
B65,84.75,14,20.25,0.690695488721804,78,8.95,12.5,-0.5,195.5,166.25,52.6,6,8.76666666666667,7.3,65.5,453,53
B66,99.5,13,19,0.684210526315789,73.5,8.5,12,-1.5,220,183.25,56.3,6,9.38333333333333,7.8,62.5,559.7,53
B68,83.75,14,21,0.667424242424242,90.3,7.6,14,0,197.25,159.5,60.4,6,10.0666666666667,7.95,71.5,457.8,53
B7,91,14,19.5,0.718421052631579,77.05,9.05,12.5,-1.5,202,161.5,48.9,6,8.15,NA,66,276.8,53
B73,95.5,14.25,19.75,0.721710526315789,78.15,7.75,13.5,-0.5,205,167.5,58.45,6,9.74166666666667,9.05,64.5,453.1,53
B73Htrhm,85.5,14.75,20.25,0.727976190476191,81.15,8,15,0,201.75,163,65.1,6,10.85,8.85,67.5,605.9,53
B75,100.25,12.75,17.75,0.718137254901961,76.15,9.7,12,-1,226.5,185.25,59.35,6,9.89166666666665,9.4,62,842.3,53
B76,98.25,12,17.75,0.675954592363261,75.8,9.9,9.5,-2,218.5,179,53.65,6,8.94166666666666,8,61.5,626.5,53
B77,99.75,16,23.25,0.688405797101449,77.75,7.6,14.5,-1.5,232.75,191.25,59.6,6,9.93333333333335,7.55,66.5,468.9,53
B79,93.75,17,23,0.739130434782609,75.5,8.55,15.5,-1.5,200.25,165.25,57.5,6,9.58333333333331,8.4,66,499.1,53
B8,100.5,14,19,0.736476608187134,71.2,7.05,11.5,-3,212.5,173.5,67.95,6,11.325,8.5,56.5,550.8,53
B84,106.25,14,19,0.736842105263158,97.45,6.45,13,-1,208.75,175.25,57.4,6,9.56666666666667,8.6,67,582.7,51
B85,106.25,12.5,16,0.78125,63.45,8.15,10.5,-2,214.5,170,71.4,6,11.9,9.15,60.5,449.8,53
B87,76.25,12,17.25,0.696078431372549,77.8,8.35,11.5,-0.5,206.25,157.75,52.1,6,8.68333333333334,NA,63,409,53
B88,96,14.5,21,0.69047619047619,75,9,11,-3,195,167.5,61.2,6,10.2,NA,67,45.6,53
B90,83,14.25,19.25,0.740131578947368,76.525,7.55,11.75,-2.5,197.5,162.25,58.35,6,9.725,8.65,64.5,479.6,53
B91,95.5,15.5,20.75,0.74702380952381,71.85,9.2,13.5,-2,205,178.75,48.2,6,8.03333333333333,9.25,65.5,448.5,53
B97,82.25,12.75,18.25,0.698830409356725,72,9.85,11,-2,201.5,165.5,61.7,6,10.2833333333333,9.6,63.5,716.3,53
B99,99.5,13.75,19,0.723684210526316,75.45,8.5,11.5,-2.5,245.5,204.75,57.45,6,9.575,9,65,512.9,53
Bei_10_=_North_10,68.75,13,17.75,0.733961128310973,77.15,8.85,11.5,-1.5,176.75,129.5,69.5,6,11.5833333333333,10.4,63.5,650.5,53
C102,92,14.25,20.25,0.702380952380953,82.075,6.65,10.5,-5,217.5,191.75,58.8,6,9.8,8.05,67.5,333,53
C103,83.25,12.5,16.75,0.745404411764706,72.2,10,12,-1,199.75,157.25,59.35,6,9.89166666666665,7.55,63,619,50
C123,79.5,12,16,0.75,69.5,8.45,10,-2,184.5,144.5,60.8,6,10.1333333333334,8.45,61,553.5,53
C15,67,11.25,16.25,0.693443627450981,64.1,6.55,11,0,163.5,142.5,60.45,6,10.075,NA,55.5,353,53
C42,41,9.25,14,0.661172161172161,66.15,5.85,9,0,145.25,119,50.85,6,8.475,5.2,51.5,329,53
C49A,60,11,16,0.686274509803922,61.2,8.1,12,0,154.5,136.5,53.5,6,8.91666666666667,NA,50,288.2,53
C68,70,12.25,17.5,0.709967320261438,78.8,7.2,12,NA,193.75,163,59.85,6,9.975,NA,57.5,402.4,53
CA-4,62.75,12.25,15,0.816964285714286,52.3,6.05,11,-1.5,156,113.75,59.6,6,9.93333333333335,8.95,61.5,217.9,53
CG10,45,9.75,15,0.650297619047619,70.3,8.05,11,1.5,162.5,126,45.1,5.5,8.24666666666666,8.7,53.5,516.3,53
CH157,71.5,11.5,18,0.638888888888889,85.9,8.8,12,0,196.5,172.5,60.3,5,12.06,5.7,58,246.2,53
CH701-30,95,12.25,17,0.720588235294118,69.675,9.5,11,-1,217.25,175.5,68.35,6,11.3916666666666,8.6,61,561,52
CH711-10,88.75,12.25,17.75,0.690359477124183,77.25,10.3,10,-2.5,207.5,178.75,55.5,6,9.25000000000001,7.7,59.5,560.8,53
CH753-4,68.75,13.25,19.75,0.671052631578947,70.625,8.025,12.5,-0.5,162.5,132.5,62.15,6,10.3583333333333,8.05,60,392.6,49
Chi-tan_120,85,13.5,19.5,0.692982456140351,70.9,9.2,11.5,-2,166.5,134.5,56.85,6,9.475,7.7,61.5,421.8,53
CI_187-2,74,13,18.5,0.693713450292397,61.85,9,12.5,NA,174.5,135,62.25,6,10.375,7.9,64.5,510.4,53
CI_21E,106.75,16,22.25,0.719367588932806,90.45,8.15,13.5,-2.5,226,178.25,50.75,6,8.45833333333334,10.05,69,615.6,51
CI_28A,105,14.5,20,0.716353383458646,74.55,8.1,11.5,NA,208.5,175.25,54.6,6,9.1,8.45,68.5,555.9,53
CI_3A,75.5,15,22.5,0.66699604743083,69.5,7.4,13,-2,203.5,169.5,57.1,6,9.51666666666667,6.3,76,197.2,53
CI_40H,78,12,17.75,0.676260964912281,90,8.55,11,NA,208.25,166.25,51.4,6,8.56666666666667,5.75,60,412.6,50
CI_540,145.75,16.25,20.75,0.783658008658009,90.6,6.95,14,-2,268.75,225.75,55.65,6,9.27499999999998,7.35,66,386,53
CI_64,93,17,23,0.739130434782609,94.15,8.9,13.5,NA,197.25,164,52.8,6,8.8,6.6,77.5,555.2,53
CI_91B,74,13,20,0.650375939849624,68.9,8.95,11.5,-1.5,173.75,141.5,63.65,6,10.6083333333334,8.85,66,666.3,53
CL17,32.5,9,12.75,0.706730769230769,60.5,5.4,8.5,-0.5,114.5,90.5,72.8,6,12.1333333333333,5.55,53.5,169.3,53
CM105,46.75,9.75,15.5,0.629464285714286,76.4,7.4,10.5,1,176,139,51.95,6,8.65833333333333,8.1,53.5,374.6,53
CM37,41.75,9.25,14,0.66025641025641,65.6,7.15,9,0,154,116.75,53.4,6,8.9,6.55,50,256.3,53
CM7,39.25,8.75,13,0.673076923076923,68.95,7.6,9.5,0.5,150.75,109,53.4,6,8.9,6.1,51,327.7,53
CM99,60,10.5,16.5,0.636029411764706,82.6,6.9,11,1,198,162,54.5,6,9.08333333333333,5.8,55,330.6,53
CML_108,102,17,23,0.739130434782609,89.6,7.5,16,-1,216,174,57.7,6,9.61666666666667,NA,79,34.2,53
CML_154Q,113.5,15,21.25,0.705844155844156,97.9,6.75,14.25,-1,213.5,172.75,54.05,6,9.00833333333333,5.9,76.5,390.4,53
CML_218,133.5,16,24,0.666666666666667,113.3,9.5,15,NA,234.5,212.5,68.5,6,11.4166666666667,NA,87,71.6,53
CML_220,75.5,16.75,23.25,0.720561594202898,88.85,7.1,15.5,-1,179,143.25,62,6,10.3333333333333,NA,75.5,395.9,53
CML_228,102.75,15.75,21.25,0.741883116883117,76.2,8.3,15,-0.5,202,168.25,60.5,6,10.0833333333333,7.8,69.5,507.8,53
CML_322,106.25,18.25,24,0.760416666666667,83.2,9.35,16,-2.5,197,162,56.1,6,9.35000000000002,6.4,81,330.2,53
CML_323,92,15.25,21.5,0.708874458874459,94.75,8.2,14,-2,187,152.5,54.5,6,9.08333333333333,8.55,78,394.1,51
CML_91,97.75,17.5,24,0.729166666666667,79.65,7.4,15.5,-2,196.25,168.25,56.75,6,9.45833333333334,7.9,79.5,331.5,53
CO106,59.75,11.25,15.5,0.727083333333333,59,7.6,10.5,-1,162.25,136.25,65.1,6,10.85,7.65,51.5,551.2,53
CO117,27,8.5,14,0.607692307692308,52.6,8,9.5,1,160.25,126.25,59.3,6,9.88333333333333,6.35,50.5,347.5,53
CO125,51.25,11,15.75,0.701943277310925,64,6.4,11,0,181.5,141,71.7,6,11.95,9.3,55.5,391.8,53
CO158,69.75,10.25,14.75,0.696428571428572,55.55,7.5,9.5,-1,186.5,152.25,59.5,6,9.91666666666666,7.1,55.5,502.7,53
CO192,63.25,10.75,15.25,0.705208333333333,NA,NA,NA,NA,166.75,139.5,68.45,6,11.4083333333333,NA,53.5,256.5,53
CO236,53.5,10,15,0.666666666666667,66.75,6.225,10.5,0.5,191.25,150,57.85,6,9.64166666666667,6.5,55,344.2,53
CO245,60,9,13.25,0.679945054945055,62.25,7.25,10,1,196.25,156,59.6,6,9.93333333333335,NA,51.5,395.9,53
CO255,69,10.5,16.25,0.646139705882353,62.65,7.6,11.5,0.5,205.5,169,57.25,6,9.54166666666666,7.25,51,434.9,53
CO256,61.75,14.5,19.75,0.734210526315789,71.55,8.2,13,-1.5,144,108,55.15,6,9.19166666666667,NA,63,198.1,53
CO257,49.25,13,19.5,0.667763157894737,67.25,7.55,12.5,-0.5,158.25,128.25,57.3,6,9.55,9.65,65.5,314.6,50
CO258,88.5,16,22.5,0.712748917748918,89.35,8.2,13.5,-2,180.75,147.25,66,6,11,9.3,65.5,596.1,52
CQ702RC,105.25,13,17.5,0.743464052287582,86.5,6.95,10.5,-2.5,232.75,190,54.5,6,9.08333333333334,NA,60.5,473.2,51
CQ806,99.5,13.25,18.75,0.706871345029239,81.3,9.2,11.5,-1.5,225.5,186.25,55.8,6,9.3,8.65,63.5,612.8,53
CR14,74.5,13.25,18.25,0.725877192982456,68.5,7,13,-0.5,179.75,147,58.9,6,9.81666666666667,9.15,57,457.6,53
CR1HT,60,10.75,15.75,0.683333333333333,69.15,6.1,10,-0.5,184.5,145,54.85,6,9.14166666666667,NA,57,415.8,53
CS405,84,12.75,19.25,0.662719298245614,64.9,7.7,11.5,-1.5,209.25,175.5,59.2,6,9.86666666666667,9.2,57.5,643,53
CS608,92.25,11.25,15.5,0.726041666666666,76.5,8.1,10,-1,193.75,157,60.6,6,10.1,6.25,62,462.2,53
CSJ3,47.75,12,16,0.751470588235294,65.5,7.1,12,0,124.25,94.75,60.75,6,10.125,8,48.5,335.7,53
DE1,114,14.75,19.25,0.766447368421052,84.15,9.9,12,-3,197,149,45.8,5.5,8.37666666666667,NA,68,516.4,53
DE2,NA,NA,NA,NA,75.25,9.75,10.5,NA,NA,NA,57.3,6,9.55,8.6,61.5,687.4,53
DE3,85.75,14,21.5,0.651515151515151,61.25,8.55,11.5,-2.5,183,157.25,52.5,6,8.75,8.2,63.5,591.6,53
DE4,79.5,11.5,18.25,0.630116959064328,73.05,7.5,10,-1.5,208.75,176,56.55,6,9.425,NA,65.5,469.6,53
DE811,90.5,14.25,19.75,0.721710526315789,83.4,6.2,13.5,-0.5,205.5,166.25,62.85,6,10.475,8.15,68,385.7,53
DJ7,91.25,14,19.5,0.718421052631579,78.25,7.5,14,0,199,159.25,56.05,6,9.34166666666667,8.8,64,520.5,53
DK3IBZ2,51.5,10,14.75,0.677380952380952,68.7,6.25,10.5,0,176,135,55.9,6,9.31666666666667,NA,52.5,448.1,53
DK3IIH6,73.25,14.75,20,0.7375,79.2,6.75,12.5,-2,215.5,169.25,41.25,4.5,9.26666666666667,7.6,60.5,630.6,53
DK4676A,76,11.5,17.25,0.666666666666667,82.9,7.6,11,-0.5,211.25,170.75,64.25,6,10.7083333333333,NA,56.5,459.5,53
DK6F545,88.75,13.75,19.25,0.714473684210526,75.6,9.6,12,-2,208.5,169,57.6,6,9.60000000000002,8.8,66.5,690.9,53
DK78002A,83,13.75,19.5,0.705263157894737,84.5,7.55,13.5,-0.5,217.5,173.25,65.1,6,10.85,6.85,63,590.1,52
DK78010,77,13.75,18.75,0.733187134502924,66.25,7.2,13,-0.5,157,126.5,61.75,6,10.2916666666667,6.6,60.5,415.6,53
DK78371A,80.75,12.25,18.25,0.671052631578947,78.55,10.45,11,-1.5,214.25,171.75,52.05,6,8.675,8.3,62.5,930,53
DK83IBI3,81,12,16.75,0.716911764705883,72.95,6.85,11.5,-0.5,194.5,155.75,55.25,6,9.20833333333334,NA,55,603.7,53
DK84BRQ4,60.25,11.5,18.25,0.630116959064328,68.25,8.325,10.75,-1,193.25,154.75,64,6,10.6666666666667,8.75,66,603.3,53
DK84QAB1,91.75,13.75,19.75,0.696052631578947,82.9,7,10,-3.5,228.75,183.75,57.25,6,9.54166666666665,7.65,64,659.4,53
DK8F196,86.75,13,19,0.684210526315789,85.2,7.05,13.5,0.5,224.25,180.25,61.65,6,10.275,8.6,63.5,652.2,53
DK8M116,102.5,13.5,19.5,0.692105263157895,96.35,8.15,13.5,0,238.25,194.75,56.45,6,9.40833333333335,9.2,67.5,694.2,53
DK8M129,66.5,11,18,0.610509115927073,60.2,7.1,10,-0.5,212.75,173.25,57.2,6,9.53333333333333,7.25,60.5,833.7,53
DKF274,68,11.75,18,0.652992776057792,67.05,7.65,11,-0.5,202.25,165,59.6,6,9.93333333333334,9.1,66.5,639.1,53
DKFBHJ,80,13.25,20.25,0.654761904761905,81.6,7,12,-1.5,198.75,163.75,59.2,6,9.86666666666665,7.8,61.5,361.7,53
DKHBA1,87.25,15.75,22.5,0.700310559006211,90.7,8.2,15,-0.5,224.5,180,51.5,6,8.58333333333333,8.8,66.5,642.3,53
DKIB014,87.75,13.25,18,0.736111111111111,70.5,7.3,10,-3.5,179.25,142.25,63.05,6,10.5083333333334,8.05,64,420.4,50
DKIB02,75.75,12.5,18,0.695562435500516,81.35,7.9,12,-0.5,201.75,167.5,59.4,6,9.9,6.65,55,477.1,53
DKMBNA,78.25,10.75,16.75,0.641544117647059,70.75,8.05,10,-0.5,224.5,185.75,55.3,6,9.21666666666667,7,57.5,482,53
DKMBUB,79,12.75,19,0.671052631578947,73.1,9.9,12,-0.5,204.25,171.75,47.7,5.5,8.65166666666666,7.65,66,657.3,53
DKMBZA,70,13.25,19,0.69766081871345,84.15,8.15,12,-1,168,126.5,68.35,6,11.3916666666667,NA,63.5,461.1,53
DKMFD-13D,90.5,13,18,0.721792225662195,85.95,9,13,-0.5,220,174.25,60.4,6,10.0666666666667,8.85,65,604.2,49
DKMM402A,83.75,12.5,19.75,0.632894736842105,72.65,7.65,10.5,NA,187.25,164.25,64.2,6,10.7,8.4,64,653.6,53
DKNL001,94.75,14,20.25,0.691666666666667,76,7,12,-2,197.25,169.75,60.45,6,10.075,8.25,63.5,554,49
DKPB80,105.75,14,20,0.7,85.4,8.5,13,-1,228.5,191.75,51.45,6,8.575,8.05,63,707.8,53
DKWDAD1,66.25,12.25,18,0.680555555555556,73,6.25,12,0,195.5,154.75,57.35,6,9.55833333333333,8.6,62.5,635.7,49
E8501,68.25,10.75,17,0.632352941176471,76.1,8.7,10.5,-0.5,221,175.5,61.5,6,10.25,7.5,61,606.7,53
Eng-Li_Chih,83.5,12,16.5,0.72702205882353,84.15,7.5,10.5,-1,187.75,152.25,63.65,6,10.6083333333333,NA,56.5,428.8,53
EP1,52.5,11.75,17.5,0.671568627450981,51.9,7.85,11,-1,158.25,131.5,63.1,6,10.5166666666666,8.5,55.5,312.4,53
F115,62.5,11.75,16,0.732738095238095,54.8,7.55,10,-0.5,156,132.25,69.2,6,11.5333333333333,6.05,58.5,243.6,53
F118,93.5,14,18.5,0.757309941520468,90.95,8.05,12.5,-1.5,195,165.5,64.65,6,10.775,8.35,70.5,552.1,53
F2834T,71.75,15.25,21,0.726190476190476,85.75,7.2,14,-1.5,205.75,158.25,57.75,6,9.62500000000001,9.25,70,389.7,53
F42,49.25,10,15,0.668154761904762,67.65,7.65,10.5,0.5,191.25,145.75,70.55,6,11.7583333333334,NA,55.5,410.4,53
F7,51,9.5,13,0.730769230769231,67.2,6.8,9,-1,130.5,104.5,64.1,6,10.6833333333333,6.2,48,244.6,53
FBLA,63.5,13,19.5,0.666447368421053,70.25,6.9,12,-0.5,205,166,57.9,6,9.64999999999998,7.85,62,514.2,53
FBLL,73.75,12.5,19.75,0.632894736842105,77.875,7.65,12.25,0,194.25,161.75,55.65,6,9.275,7.9,62,394.5,53
FC46,74.25,12,16.75,0.716911764705883,NA,NA,NA,NA,151.75,123.5,61.05,6,10.175,7.35,56,219.4,53
Fe,70.25,14,20,0.7,66.1,7.15,12.5,-1,170,137,50.75,6,8.45833333333334,NA,65,328.6,53
FR19,92,14.25,20.25,0.704166666666667,67.4,9.95,13.25,-0.5,204,170,54.35,6,9.05833333333334,8.05,60.5,384.2,50
G22_T122,55.25,10.75,15.75,0.682291666666667,NA,NA,NA,NA,141.5,114.75,57.1,6,9.51666666666667,6.9,52,255.5,53
G3_T5a,27.5,8,12,0.666666666666667,NA,NA,NA,NA,134,104.5,24.8,3,8.26666666666667,7.9,47,158.8,53
GE129,82.5,17.25,23.25,0.742300724637681,75.75,10.35,14.5,-3,183.75,149.5,64.2,6,10.7,NA,71,183.4,53
GE54,68,17,22,0.772727272727273,81,7.5,16,NA,142.5,115.5,56.2,6,9.36666666666667,9.1,76,450.4,52
H105W,89.75,14.5,20.5,0.707142857142857,82.95,8.05,13.5,-1.5,191.5,157.25,62.15,6,10.3583333333333,7.2,60.5,431.1,49
H110,134,17,20.75,0.819642857142857,76.6,7.5,15.5,-1.5,228.25,188.75,63.3,6,10.55,7.2,65.5,396.2,53
H113,83.5,14,18,0.777777777777778,75.25,9.75,13,-1,179.25,136.5,57.15,6,9.52499999999998,8.25,63.5,302.1,53
H114,83.25,14.75,20.5,0.719642857142857,65.325,8.35,12.25,-2.5,170.25,138.25,59,6,9.83333333333334,8.1,62.5,480.9,53
H121,69.5,14.75,20,0.7375,74.55,8.35,13,-1.5,177.75,136.25,56,6,9.33333333333335,8.5,64.5,409.2,53
H122w,95.5,14.25,20.5,0.695238095238095,66.65,7.6,11.5,-2.5,215.5,176.25,65.4,6,10.9,7,66,560.7,53
H124w,78.25,14.5,20.5,0.707142857142857,92,7.55,13.5,NA,202,167.5,65.35,6,10.8916666666666,6.6,67.5,412.7,52
H14,102.5,14.5,19.75,0.734210526315789,76.15,8.45,13,-1.5,200.5,168.5,58.85,6,9.80833333333335,NA,69.5,121.4,50
H49,104.25,15.75,22,0.715909090909091,84.55,8.4,13.5,-2.5,194.75,167,65,6,10.8333333333333,8.65,63.5,775.8,53
H5,97,11.75,17.5,0.681372549019608,86.25,6.85,10,-1.5,221,185.25,56.95,5.5,10.5,7.75,62,492.8,53
H52,130,17,23,0.739130434782609,101.5,8.5,14,-3,232.5,198,48.9,6,8.15,7.7,76,180.6,53
H71,95.75,13.75,20,0.687719298245614,83.75,9.2,12.5,-1.5,217.25,184.75,50.05,6,8.34166666666667,6.6,63.5,569.7,53
H84,66.5,12.75,22,0.579545454545455,67.55,6.95,12,-0.5,198,168.25,61.45,6,10.2416666666666,9.05,62,759.8,53
H91,85.25,13.5,19.5,0.692105263157895,74.95,7.95,12.5,-1,183,147.5,59.25,6,9.87500000000001,7.4,65,413,53
H95,73.75,13,18.5,0.703078775369797,80.9,7.35,11,-2,176.75,145,64.75,6,10.7916666666667,7,65,300.9,53
H99,38.5,10.5,17.25,0.608864379084967,66.3,6.35,10.5,0,146,116.25,63,6,10.5,7.4,58.5,284.9,53
HB8229,67,14,21.25,0.659090909090909,86.25,8.55,13,-1,180.5,148.5,65.15,6,10.8583333333333,8.55,67.5,764.1,49
Hi26,117,16,20.5,0.780357142857143,96.25,9,14,-2.5,216.25,173.75,64.15,6,10.6916666666667,7.4,72,403.4,51
HP301,105.5,16,21,0.761904761904762,85.05,7,12,-4,197.75,165.25,54.1,6,9.01666666666667,8.2,66.5,211.5,53
HP72-11,92.75,14.75,18.5,0.796783625730994,86.25,8.15,13,-2.5,215.25,172.5,60.25,6,10.0416666666667,10.55,68.5,289,53
Huanyao,108,16.5,22.25,0.741600790513834,72.1,9.45,14.5,-2,192,164.75,51.1,6,8.51666666666667,NA,62.5,407.2,53
Huobai,118.25,16.75,22.75,0.736166007905138,71.15,8.2,14.5,-2.5,225.75,192.25,50.35,6,8.39166666666667,8.8,67.5,255,53
Hy,118,14.25,19.5,0.730921052631579,90.85,8.45,12,-2,251,204,53.2,6,8.86666666666667,8.5,64.5,635.9,53
I29,55.5,12.5,16.5,0.757352941176471,67.8,7.95,13.5,0.5,157.75,124,58.9,6,9.81666666666667,8.9,59,220,53
IA2132,41,10,15,0.666666666666667,57.5,6.75,10,0,146.5,126.5,49.4,6,8.23333333333333,NA,51,229.4,53
Ia453,56.5,12,15.75,0.763051470588235,77.9,6.55,11.5,-1,147,112.75,56.55,6,9.425,NA,59.5,254.4,53
Ia5125B,76.25,12,17.25,0.6875,91.7,7.15,11,NA,169.25,143.75,58.3,6,9.71666666666667,NA,55,288.4,53
IBB14,105.75,14,19.75,0.70921052631579,74.5,6.9,11,-3,206.5,178.5,59.7,6,9.95,7.05,60,526,53
IBB15,82.75,12.75,17.25,0.73937908496732,67.2,6.65,11.5,-1,186.25,148.25,58.8,6,9.8,8.7,58.5,524.8,53
IBC2,99.75,12.25,16.75,0.731617647058824,76.9,7.65,10.5,-2,220.25,173.75,55.7,6,9.28333333333333,8,61,589.9,53
ICI_193,111.5,13.5,18.75,0.7203216374269,75.9,7.55,11,-2,236,198,62.5,6,10.4166666666667,NA,59,646,50
ICI_441,68.5,12.25,17.5,0.70046439628483,78.9,7.75,11.5,-1,195.5,152.75,54.5,6,9.08333333333333,8.55,62,613.8,53
ICI_581,85,12,16.75,0.716911764705883,74.35,9.05,10.5,-1.5,200.5,160,50.3,6,8.38333333333333,8.2,62,574.6,49
ICI_740,86.25,13.75,19,0.723318713450292,84.3,7,13,-1,202.75,163.25,61.45,6,10.2416666666666,9.1,65,582.7,53
ICI_893,60,13.5,20.25,0.666228070175439,70.25,7.3,14.5,0.5,158.5,126,55.15,5.5,10.1066666666667,7.4,69,589.3,53
ICI_986,107,13.75,18.75,0.733187134502924,78.25,9.1,12,-2,206.75,174,68.05,6,11.3416666666667,7.95,61.5,626,53
IDS28,115,19,24.25,0.78375,68.8,6.75,14.5,-4.5,199.25,168.5,66.75,6,11.125,10.8,64,253.9,53
IDS69,78.25,16,20.25,0.789880952380952,69.25,7.45,14,-2.5,153.75,123.75,57.2,5.5,10.3916666666667,9.1,65.5,302.9,53
IDS91,95.5,15.25,19.75,0.772368421052631,84.4,7.9,12.5,-2.5,185.75,150.25,64.1,6,10.6833333333333,9.45,64.5,310.9,53
Il_101T,42,9.75,15.25,0.639583333333334,76.7,4.65,10,0.5,154.75,135.5,38.6,4,10.0166666666667,NA,57,208.1,53
Il14H,86,13.5,19,0.710526315789473,80.6,8.5,11.5,-2,224.75,188.5,50.55,6,8.425,5.6,59.5,352.1,53
Il778d,72.5,11.25,16.75,0.671262254901961,72.95,9.05,10,-0.5,211.5,168.25,73.8,6,12.3,NA,62.5,498.2,53
INB_101LFY/LFY_(A632_X_M16_S5),83.75,14.75,22.75,0.648715415019763,71.6,7.1,14,-1,210.75,177.5,55.2,6,9.2,8.95,66,455.3,53
INBRED_100,150,18.5,24,0.771304347826087,85.6,7.9,14,-4,218.5,195.5,63.8,6,10.6333333333333,NA,75,80,53
INBRED_109,91.75,15,18,0.834623323013416,85.85,8,13.5,-1.5,183,136,64.15,6,10.6916666666667,7.4,69,446.5,53
INBRED_141,113.5,13.25,18.5,0.716374269005848,88.4,7.25,12.5,-0.5,254,211.5,55.25,6,9.20833333333333,8.15,66,454.7,53
INBRED_2-687,75.25,13.75,18.5,0.743421052631579,78.2,6.95,12.5,-1,159.5,132.5,54.8,6,9.13333333333333,7.5,70,260.1,50
INBRED_305,61,11.75,15.75,0.746875,63.4,9.65,11.5,0,149.25,113,69.05,6,11.5083333333334,10.7,62,308.7,53
INBRED_309,79.25,13,17.5,0.743464052287582,72.05,8.7,11.5,-1.5,183.75,150,66.7,6,11.1166666666666,10.2,66,450.5,53
INBRED_321,89.25,15.75,21.25,0.741612554112554,78.95,8.2,14,-1.5,160.5,134.5,60,6,10,8.15,67,228,53
J47,108,15,21.25,0.705627705627705,90.6,6.85,14.5,0,228,188,68.4,6,11.4,7.65,66,641.5,52
J8606,89.5,14,18.75,0.747076023391813,81.8,6.925,12.75,-1,218.25,171,58.25,6,9.70833333333331,9.45,65,603.2,53
K148,74.25,15.25,21.75,0.702545642763034,82,6.7,14.5,-0.5,211.25,174.25,67.2,6,11.2,8.45,68,264.5,53
K150,100.5,14.5,19.75,0.734210526315789,75.9,8.5,10.5,-3.5,203.5,161.5,69.2,6,11.5333333333333,7.85,65,357.4,52
K155,130,16,22,0.695652173913043,80.95,9.85,13,-3,211.25,186.25,61.2,6,10.2,7.6,75,438.4,53
K201,114.5,17.5,24.5,0.729166666666667,93.75,9.6,14.5,-3,209,180.5,45.75,6,7.625,6.45,77,394.9,53
K4,114.75,16,22,0.727272727272727,83.75,9.3,12.5,-3.5,216,184,58,6,9.66666666666666,5.85,74.5,308.1,53
K41,78,12.5,18.25,0.684803921568628,67.75,8.35,12.5,-0.5,174.5,138.5,58.05,6,9.675,6.1,68,306.3,53
K47,93,14.75,20,0.73718671679198,82.5,6.5,14,-0.5,192,154.5,51.85,6,8.64166666666667,9.15,68,207.5,53
K55,72,15.25,22,0.69339356295878,70.9,7.4,15,-0.5,179.75,150.25,62.35,6,10.3916666666667,6.65,64,315.1,53
K64,110.25,16,22.75,0.703557312252964,92.25,8.25,14.5,-1.5,243.25,203.75,48.4,5,9.54583333333335,8.5,75.5,683.9,53
KO679Y,77.75,15.25,21,0.726461038961039,79.85,8.95,12,-3.5,173.75,136.75,54.15,6,9.025,8.6,74,502.4,53
KUNG-70,62.5,12.5,19.25,0.649342105263158,66,8.35,11,-1.5,160.25,127.25,56.05,6,9.34166666666667,7.9,62,465,53
Ky226,120.5,17.25,22,0.784396762657632,98.2,5.7,14,-3.5,229.25,191,71,6,11.8333333333333,7.9,70,449.6,53
Ky228,101.25,16.75,22.75,0.736166007905138,88.1,8.3,13,-4,227.75,191.5,58.6,6,9.76666666666668,8,76,368.9,52
L_127,49,10,15.5,0.645833333333333,72.5,6.8,10.5,0.5,165,130,60.7,6,10.1166666666666,7.05,55.5,477.6,50
L_135,62.25,11,16,0.6875,75.9,7.6,10.5,-0.5,186.25,145.75,62.15,6,10.3583333333333,6.3,57.5,427.6,53
L_139,71.5,11.75,17.75,0.66124871001032,74.1,8.05,12,0.5,219.25,176.25,55.1,6,9.18333333333333,7.05,57.5,720.4,53
L_155,77.5,11.5,17,0.678513071895425,77.05,6.8,10.5,-0.5,181,144.75,60.9,6,10.15,NA,59,554.5,53
L_289,103,NA,17.75,NA,NA,NA,NA,NA,183,155.25,44.3,6,7.38333333333333,9.55,70,143.2,53
L222,78,12,17,0.705882352941177,75,7.125,11.75,-0.5,197.5,164.5,60.65,6,10.1083333333334,8.75,56.5,421.7,53
L317,139,13.5,18.5,0.72953216374269,82.3,8.6,11,-3,225,200,54.4,6,9.06666666666667,9.1,69,187.8,53
LH1,57.75,11.75,18.5,0.634937220502236,78.45,9.4,11,-1.5,178.25,138.25,58.65,6,9.775,7.7,65,576.9,53
LH119,65.25,11.75,17.75,0.661764705882353,71.1,6.5,11,-0.5,193,150.75,54.25,6,9.04166666666666,9.6,64,484.7,53
LH123HT,97.25,14.25,19.75,0.721710526315789,85.35,7.325,12.25,-2.5,225,181.75,48.45,6,8.075,7.95,69.5,471,53
LH127,83.5,12.75,17.25,0.73937908496732,78.5,8.05,11,-1.5,204.5,159.5,59.25,6,9.87500000000001,8.85,61,599.5,51
LH128,89,12.5,18.75,0.666666666666667,80.6,8.1,11.5,-1,211,169.5,61.25,6,10.2083333333333,8,63,589.9,53
LH132,62.5,11.75,18,0.652992776057792,76.35,7.05,11,-0.5,190,147,45.5,5,9.175,8.9,64,653.7,53
LH143_(Maintainer),95,13.75,19.5,0.705263157894737,79,6,12,-2,207.75,171.5,62.65,6,10.4416666666667,7.5,59.5,430,53
LH145,67.75,11.75,17.25,0.681372549019608,73.95,7.45,11.5,-0.5,190.5,161.5,58.4,6,9.73333333333333,7.5,56.5,345.3,49
LH146Ht,85,12,17.25,0.695261437908497,88.25,6.7,11.5,-0.5,206.5,157.5,55.5,6,9.25,6.5,58,391.4,53
LH149,87.5,11.75,16.75,0.701286764705883,70.75,8.85,11.5,0,196.75,163.75,66.05,6,11.0083333333334,7.35,57,543.8,53
LH150,116.75,16,22,0.727272727272727,86.7,8.25,15,-1,244.75,205.75,53.55,6,8.925,NA,74.5,526.6,53
LH156,77.5,12.75,18,0.708333333333333,84.65,9.4,11,-1.5,184.5,142,64,6,10.6666666666667,8,68.5,564.8,51
LH159,104,15.25,22,0.693181818181818,87.5,9.05,13.5,-2,232.25,197.25,48.6,6,8.1,8.15,75,630.2,53
LH160,71,11.25,16,0.703553921568628,64.05,6.3,10.5,-0.5,201.25,157.75,58.9,6,9.81666666666667,7.55,54.5,469.8,53
LH162,88.5,11.75,16,0.734375,77,7.95,10.5,-1,194.5,159.25,69.3,6,11.55,7.6,55,590.9,53
LH163,66.25,12.75,18.75,0.679385964912281,74.45,7.25,12,-0.5,193.5,161.5,59.5,6,9.91666666666665,5.7,60.5,455.6,53
LH164,64.25,11.5,16.25,0.707720588235294,66.9,8.05,10,NA,184,151.5,63.35,6,10.5583333333333,6.5,55,505,53
LH165,67.75,11.5,16,0.71875,67.75,6.6,9.5,-2,161.75,132.25,62.6,6,10.4333333333333,NA,59.5,334,53
LH166,49.25,10,16.25,0.615808823529412,71.35,8.675,10,0,179.5,139,62.05,6,10.3416666666667,NA,58,469.8,53
LH167,69.5,11.5,16.5,0.697610294117647,71.9,8.1,10,-1,190,153.25,56.75,6,9.45833333333334,8.85,59,549.8,53
LH169Ht,79.75,13,19.25,0.676608187134503,79.25,8.35,11.5,-1.5,207.75,169.25,58.3,6,9.71666666666665,8.15,59,560.3,51
LH172,68.25,12.25,16.75,0.731617647058824,71.1,9.55,11,-1.5,165.5,135.25,63.4,6,10.5666666666666,6.3,56.5,524.1,53
LH175,64.5,12.75,17.75,0.718137254901961,57.85,9.1,11,-2,144.75,117.5,60.15,6,10.025,8.7,60,583.9,53
LH181,100.25,12.25,17.5,0.700163398692811,83.8,10.2,11,-1,254.75,202.5,54.95,6,9.15833333333335,8.2,62,786.3,50
LH183,82,12.25,17.25,0.709967320261438,74.85,7,11,-1.5,202.75,159.75,53.5,6,8.91666666666666,7.55,65.5,487.3,53
LH184,67,14,19.5,0.718421052631579,78.4,8.2,13.5,-0.5,188,150,63.35,6,10.5583333333333,9.25,69.5,602.4,53
LH186,89,12.5,18.75,0.666666666666667,72.8,8,11,-1.5,214.25,190,60.45,6,10.075,9.2,64,768.1,53
LH188,91.75,13.75,20,0.6875,75.65,10.1,13,-1,225.5,186.75,50,6,8.33333333333333,8.6,65,605.6,53
LH189Ht,79.75,12.5,18.5,0.675438596491228,77.3,8.05,11,-2,206.75,171.5,56.05,6,9.34166666666667,8.45,63.5,622.2,53
LH190,80.75,14,20,0.7,76.8,6.95,13,-1,187,156,60.85,6,10.1416666666667,8.75,67.5,483.1,53
LH191,69.5,12,18.5,0.649122807017544,62.25,9,11,NA,169.5,138.5,64.8,6,10.8,9,63,885.4,51
LH192,68.5,14.25,20.5,0.695238095238095,81.65,7.8,13.5,-1,178.25,145.75,57.7,6,9.61666666666668,8.7,67.5,617.3,53
LH193,60.25,13,19.75,0.658552631578947,69,6.7,12.5,-0.5,174.25,140.75,56.7,6,9.45,9.45,65.5,577.8,51
LH194,75.75,14.5,20.75,0.698809523809524,79.15,7.45,14,-1,196.75,161.5,NA,6,NA,8.65,68,612.2,53
LH195,69.25,14,19.5,0.718421052631579,72.5,8.45,13.5,-0.5,182.75,141,61.9,6,10.3166666666667,8.65,67,500.2,49
LH196,70.5,11.75,18,0.652261781905745,81.3,6.7,11.5,0.5,216.5,171.5,53.1,6,8.85,8.9,63,628.9,53
LH197,91.5,12.75,19,0.671052631578947,77.75,7.2,12,-0.5,235.25,190.75,58.8,6,9.79999999999998,9.9,62.5,741.2,53
LH198,92.25,13.25,18.5,0.716374269005848,83.85,6.725,11.5,-2,209,167,54.55,6,9.09166666666667,8.2,66,503.7,53
LH199,61.5,11.75,18.5,0.635233918128655,83,8.05,12,0.5,191.25,147.5,60.05,6,10.0083333333333,9.5,61.5,665.7,53
LH200,73.25,12.25,17.5,0.700163398692811,74.35,9.55,12.5,0,199.75,154,50.25,6,8.375,9.5,61,634,52
LH202,81,12.75,17.5,0.72875816993464,72.3,6.8,12.5,-0.5,207,165.5,61.6,6,10.2666666666667,6.8,58,404.6,53
LH204,83.75,14,20.25,0.691666666666667,70.9,7.05,12,-2,207.75,165.75,53.3,6,8.88333333333333,9,62.5,608.9,53
LH205,79,12.5,18.25,0.684941520467836,77.05,8,12,-0.5,203.5,164,57.65,6,9.60833333333333,7.1,61,423.1,53
LH206,69,12.5,18.5,0.675438596491228,80.3,8.15,12.5,0,192.25,155,57.75,6,9.625,6.35,62,466.5,53
LH208,78.25,13,18,0.722222222222222,86.05,8.05,12.5,-0.5,200.5,160.5,57.5,6,9.58333333333335,7.1,66.5,420.9,53
LH209,64.75,11,17,0.647058823529412,77.2,7.8,NA,NA,196.25,156.75,62.2,6,10.3666666666667,8.4,61,725.6,53
LH210,115.75,14,19,0.736476608187134,76.9,8.5,12.5,-2,242.25,200.75,47.55,6,7.925,10.2,70,600.6,50
LH211,108.5,12.5,18,0.695996732026144,79.4,8.1,11,-1.5,258,209.25,56.05,6,9.34166666666667,8.1,67.5,558.4,53
LH212Ht,92.5,13.5,18.5,0.72953216374269,83.55,7.55,12,-1.5,222,178,58.25,6,9.70833333333334,7.1,66.5,553.8,53
LH213,84.75,12.75,19.5,0.653947368421053,80,8.6,12,-1,236.25,194.25,50.7,6,8.45,9.05,65,723,50
LH214,88.25,13.25,19.25,0.688157894736842,79.65,9.15,12,-1,228,185,52.85,6,8.80833333333333,8.7,66,584.3,53
LH215,92.25,13.75,19.5,0.705263157894737,75.35,7.5,12,-1.5,225.75,188.5,62.35,6,10.3916666666667,8.85,62,519.1,53
LH216,83,13,17.5,0.743464052287582,67,7.05,13,0,215,162,54.65,6,9.10833333333333,8.9,66,692.6,53
LH217,84,13.5,17.25,0.782679738562091,75.4,8.8,10.5,-2.5,195.75,148.25,51.8,6,8.63333333333333,7,63.5,573.2,53
LH218,107.25,12.5,17.5,0.713541666666667,77.25,10.35,11.5,NA,244.75,197.75,66.1,6,11.0166666666667,9.35,65,783.9,53
LH220Ht,63.25,13.25,18.25,0.725447196422429,69.1,6.2,12,-1,173.25,137.5,55.55,6,9.25833333333333,6.05,58,334.6,53
LH222,68.5,11.75,17.25,0.681372549019608,59.95,6.5,11.5,0,188,147,58.35,6,9.72499999999999,7.95,58,424.6,53
LH223,72,13,18.75,0.693713450292397,73.65,7.25,11,-2,172,136.75,57.5,6,9.58333333333334,NA,59.5,355.1,53
LH224,100,12.75,18.75,0.679824561403509,77.5,6.95,11,-1.5,219.25,180.75,63.85,6,10.6416666666666,6.15,61,439.6,53
LH225,66,10.75,17,0.633476307189543,73.6,7.3,10.5,0,178.25,149.5,59.2,6,9.86666666666666,NA,58,434.8,53
LH231,71,12.75,18.25,0.698099415204678,74.15,7.375,12.5,-0.5,183.5,144.25,68.65,6,11.4416666666666,9.15,62,512.4,53
LH250,93.25,13.5,19.5,0.693055555555556,77.15,9.3,11,-2,215.75,175.25,61.05,6,10.175,7.55,66,675.4,53
LH252,110,12.5,17.75,0.704248366013072,83.1,9.1,10.5,-2,249.5,201.5,58.9,6,9.81666666666668,NA,71,419.7,53
LH260,108.75,12.5,16.75,0.747242647058824,66.15,9.2,9.5,-3,230.5,186.5,60.45,5.5,11.0583333333334,8.5,62.5,430.1,53
LH284,70.75,12.5,17.5,0.714869281045752,75.75,7.5,11,-1.5,180.75,144.75,59.35,6,9.89166666666667,7.9,65,486.5,53
LH299,56.75,12,17.25,0.696078431372549,59.3,8.6,10.5,-1.5,160.5,127,49.65,6,8.275,9.3,59,588.2,53
LH38,64,13,18.5,0.703216374269006,73.25,8.65,13,0,168.5,136,56.1,6,9.35,6.95,62,542.6,51
LH39,80.75,13.25,18,0.736498108015136,77.05,8.4,11,-2,200.75,158.75,48.8,6,8.13333333333333,NA,61,466,53
LH51,92.5,12.25,16.5,0.742647058823529,69.1,7.95,12,0,203.5,159.75,53.85,6,8.975,8.7,65.5,637.1,53
LH52,73.5,11.5,16,0.71875,62.4,9.65,11,-1,183,146,63.25,6,10.5416666666667,8.7,56.5,542.4,53
LH54,60,10.5,14.75,0.711904761904762,59.65,7.35,10,-0.5,162.75,124.75,65.5,6,10.9166666666667,8.2,57,436.7,53
LH57,53,12.25,17.25,0.709967320261438,63.9,8.95,12,-0.5,172,139.75,56.65,6,9.44166666666667,7.15,59.5,444.6,51
LH59,68.5,12.5,18,0.694444444444444,68.9,7.8,9.5,-2.5,182.5,150.25,56.85,6,9.475,6.65,62.5,485.3,53
LH60,85,13.25,19,0.697368421052631,72.3,8.15,14,1,227,181,50.95,6,8.49166666666667,8.25,65,512.5,53
LH61,64,10.25,15,0.683333333333333,55.55,9.15,10.5,0.5,182,140,51.9,6,8.65,8.65,56,571.6,53
LH74,73.25,13,18.5,0.703216374269006,73.5,6.4,12,NA,178,143.75,62.5,6,10.4166666666667,6.1,60.5,363.7,49
LH82,69.75,12.75,17.25,0.73937908496732,69.25,7.85,10.5,-2,156,126,58,6,9.66666666666666,8.3,59.5,536.7,53
LH85,58.75,10,14.5,0.69047619047619,68.75,7.65,10.5,0.5,174.75,141.5,50.5,5.5,9.18,8.2,55.5,357.5,53
LH93,96.25,13.25,17.5,0.757352941176471,76.75,8.6,12.5,-1,207.75,166.25,60.95,6,10.1583333333333,7.5,63.5,504.8,51
LIBC_4,60,11,15.75,0.697916666666667,71.55,8.6,10,-0.5,172.5,133.75,64,6,10.6666666666667,9.3,58.5,477.3,53
LP1_NR_Ht,80,13,19.75,0.656860902255639,81.35,7.7,12.5,-1,180,150.75,61.05,6,10.175,6.5,64,309.2,53
Lp215D,71.75,11,16.75,0.657169117647059,78.3,7.75,9,-2,219.75,168.25,61.3,6,10.2166666666667,8.55,57.5,637.9,53
LP5,67.5,14.5,20,0.72593984962406,64,8.2,12.5,-2,167.75,135,61.3,6,10.2166666666667,5.8,62.5,533.3,53
M14,81.75,13.25,19,0.69766081871345,66,7.35,11,-2.5,175.75,146.5,56.55,6,9.425,7.5,65,255,53
M162W,104.5,18,24,0.75,91.1,7.4,13,-5,179.5,149,43.7,6,7.28333333333333,6.2,83,434.6,53
M37W,NA,NA,19.75,NA,82.6,9.15,13,NA,187,159.75,48.65,6,8.10833333333333,NA,77,121.2,53
MBPM,110,14.5,20,0.725,76.8,6.8,11,-3,219,181,56.3,6,9.38333333333333,7.1,68,389.6,53
MBST,84.5,12.25,17.75,0.690359477124183,83.85,8.25,11.5,-1,212.5,172.5,54.35,6,9.05833333333334,8.15,62.5,863.7,53
MBWZ,85.5,14.75,21.25,0.694480519480519,82.25,7.225,13,-2,219.25,178.25,58.95,6,9.825,8.3,69,700.6,53
MEF156-55-2,64,12.5,16,0.78125,60,6.8,12,0,159.5,128.5,64.4,6,10.7333333333333,7.9,56,156,53
MM501D,73.5,12.5,19.5,0.641666666666667,72.55,9.8,12,-0.5,186,155.5,53.6,6,8.93333333333334,9,64,649.7,53
Mo13,122.25,17,22.75,0.74703557312253,83.3,8.05,15.5,-1.5,230.5,197.5,50.2,6,8.36666666666666,7.75,76,352.1,53
Mo15W,100.75,15.25,21,0.726461038961039,71.75,8.25,13,-2,177.5,150.25,60.3,6,10.05,5.85,69,223.5,53
Mo16W,97.5,16.5,22,0.75,95,5.6,14,-2,199,166.5,55.5,6,9.25,6.6,71,156.6,53
Mo17,90.75,12,16.75,0.716911764705883,68.3,8.65,10.5,-1.5,218.75,173.25,53.6,6,8.93333333333333,6.6,63.5,537.1,53
Mo1W,96.25,14.5,21.75,0.666666666666667,80.8,8.95,12.5,-2,212.25,175,58.1,6,9.68333333333332,6.1,65,329.7,53
Mo23W,128.5,18,24,0.75,90.8,7.3,15,-3,247.5,200.5,59.5,6,9.91666666666667,6,78,119.4,53
Mo24W,138,15,20,0.75,85.8,6.3,13,-2,239,194,57.5,6,9.58333333333333,8,69,318.6,50
Mo28W,106.5,16.5,23,0.717391304347826,86.6,8.1,13,-3,221.5,184.5,70.9,6,11.8166666666667,5.3,76,183.6,53
Mo3,120.25,16.25,22,0.738895162808206,91.7,7.2,15,-1,231,199.25,46.65,6,7.775,9.25,74.5,582.6,49
Mo39,102.75,13.75,18.5,0.743421052631579,79.3,7.6,13.5,-0.5,212.25,174.5,56.9,6,9.48333333333333,7.8,69,549.8,53
Mo44,92,14.25,20.75,0.686904761904762,92.825,5.75,12.75,-2,214.5,171.25,54.5,6,9.08333333333333,6.85,68.5,277.9,53
Mo45,121,13.25,19.5,0.679605263157895,102.05,6.5,10.5,-3,239,193.75,58.75,6,9.79166666666667,8.35,67.5,508,53
Mo46,86.5,11.75,16.5,0.701286764705883,74.35,8.5,10.5,-1,190.75,160.5,67.25,6,11.2083333333333,8.7,60,409.4,53
Mo47,76.5,11.25,16.75,0.67218137254902,82.45,8.6,11.5,0,191,145.5,56.6,6,9.43333333333332,6.2,62.5,272.7,53
MoG,128.5,16.25,21.25,0.76461038961039,82.4,10.2,15,-1.5,233.5,192.25,55.05,6,9.175,6.6,74,386.2,49
MQ305,71.75,11.25,16.25,0.691482843137255,72.25,7.45,10,-0.5,200.75,162,62,6,10.3333333333333,NA,57,686,53
MS106,59,12.75,18,0.707693713450292,71,5.4,11,-2.5,134.5,101.75,57.3,6,9.54999999999999,6.7,63.5,398.3,53
MS116,98,14,19,0.736111111111111,80.2,9.2,12,-3,224.5,194.5,47,6,7.83333333333333,7.1,56,385.8,53
MS12,68.25,12,16.25,0.737561274509804,60.75,6.95,11.5,-0.5,167.75,127,63,6,10.5,6.7,55.5,310.8,53
MS132,73,12.25,19,0.644956140350877,70.65,6.45,10,-2,180.25,144,56.2,6,9.36666666666667,7.15,65,303.4,53
MS1334,46,9.25,14.25,0.648809523809524,72.75,6.25,10,1,180,150.25,58.95,6,9.82499999999999,NA,54.5,306.2,53
MS142,52.75,9.75,14.25,0.68452380952381,62.45,6.95,10,0.5,160.75,126.75,51.1,5.5,9.32666666666666,6.95,55,434.7,53
MS153,86.25,15,19.5,0.769736842105263,74,7.8,12.5,-2.5,175,140.5,52.5,6,8.75,8,60,586.6,53
MS200,89,13.5,18,0.75,74,8.3,12.5,-1,197.75,160.25,59.05,6,9.84166666666665,7.8,58,563.8,51
MS221,90.25,13,18.75,0.693713450292397,66.05,8,12.5,-0.5,188.5,152.75,61.7,6,10.2833333333333,7.8,64,585.5,53
MS222,88.25,13.25,19.5,0.679605263157895,72.25,7.8,11,-2.5,190.25,155.75,62.05,6,10.3416666666667,7.35,65,610.3,53
MS223,89.75,12,19,0.632456140350877,91.35,7.75,11,-1,245.75,208.25,53.15,6,8.85833333333333,7.75,63,546.3,52
MS224,109.25,14.5,19.75,0.734492481203007,71.5,7,12,-2.5,226.5,188.5,55.6,5.5,10.0616666666666,5.5,64.5,441.3,53
MS225,91.75,13.75,21.25,0.649743182065836,76.95,9.05,13.5,-0.5,212.5,183,62.55,6,10.425,8.05,60,656.1,53
MS226,82,13,19,0.684210526315789,73.35,7.35,10.5,-2.5,222.5,180.25,58.55,6,9.75833333333333,8.5,60.5,507.8,53
MS24A,83.25,13,17.25,0.754084967320261,70.55,7.9,11.5,-1.5,178,141.75,63.85,6,10.6416666666667,5.95,55,421.3,53
MS67,88,13,19.25,0.675657894736842,62.6,9,12,-1,183.25,157.25,70.35,6,11.725,6.65,65,373.8,53
MS71,81.5,13.75,19.25,0.714766081871345,76.5,6.9,13,-0.5,206.25,167.25,51.35,6,8.55833333333333,7,61.5,374.3,53
MS72,83.5,13,19.75,0.658928571428572,75.45,8.15,12.5,0,210,171.75,66.2,6,11.0333333333333,8.65,59.5,429.3,53
Mt42,45.5,10,14.75,0.680059523809524,NA,NA,NA,NA,154.25,123.5,59.5,6,9.91666666666669,7.05,50,318.8,53
N192,71,12.75,17.75,0.716766640866873,75.55,7.4,11,-1.5,178.75,140.25,56.6,6,9.43333333333333,7.75,61,672.7,49
N193,82.75,13.75,19.5,0.705555555555555,77.3,6.25,13,-0.5,187.25,150.25,58.4,6,9.73333333333335,9.1,58,547.4,53
N199,113.5,17,23.25,0.731637022397892,95.55,7.75,14.5,-2.5,222.75,187,49.55,6,8.25833333333333,7.9,67.5,612.4,50
N200,76,13.75,22.75,0.610671936758893,89.45,6.95,13.5,NA,218.75,182.5,53.15,6,8.85833333333333,9.4,68.5,514.6,49
N201,107.25,14,20.25,0.691666666666667,83.9,7.55,13,-1,240.75,203,54,6,9,8.5,63.5,705.3,53
N209,86.25,14.75,20.75,0.711807928913192,71.5,8.8,15,0,176.75,144.75,55.75,6,9.29166666666666,9.1,64,662.9,53
N215,92.25,14,19.25,0.728654970760234,83.05,9.9,12,-2,187.75,157.25,54.35,6,9.05833333333333,8.65,67,527.5,52
N217,81.5,15.25,21.25,0.717532467532467,81.5,6.85,13.5,-1.5,184.75,149.25,72.7,6,12.1166666666666,9.1,66,500.2,53
N218,89.5,14.75,20.75,0.711525974025974,82.25,8,13,-1.5,199,161.25,67.6,6,11.2666666666667,8.55,63.5,556.4,53
N28,82.25,17,24,0.708333333333333,78.75,7.55,16.5,-0.5,182,155.5,53.55,6,8.925,9.45,70,297.5,51
N28Ht,99,16,22.5,0.711180124223602,78.4,8.65,15,-1.5,197.25,163.75,63.25,6,10.5416666666667,9.1,65,659.1,53
N501,84.75,12.75,19.25,0.662061403508772,77.05,8.175,11,-1.5,202,162.75,49.85,5.5,9.12166666666667,9.25,62,358.6,50
N523,104.5,14.75,21.5,0.686147186147186,87.3,7.9,13.5,-1.5,222.5,187.5,57.95,6,9.65833333333333,9.5,64,594.4,53
N527,85.5,15,21,0.714285714285714,89.2,7.6,13.5,-1.5,206.25,167.5,54.55,6,9.09166666666668,7.85,62,448.1,53
N534,123.25,14.5,20,0.725281954887218,85.85,8.95,12,-2,250.5,209.5,63.95,6,10.6583333333333,9.55,65,558.8,53
N538,82.25,13.75,19.75,0.696052631578947,90.5,8.55,13,-0.5,186.25,150.25,53.25,6,8.875,8.35,67,530.5,51
N540,89.75,14,19.5,0.718421052631579,91.65,8.15,13,-1,209.5,168.5,53.55,6,8.925,8.95,68,553,53
N542,83,13.25,19.75,0.671052631578947,86.95,8.8,12,-1.5,207.25,172,51.15,6,8.525,8.35,63,435.1,51
N545,96,13.5,20,0.675,93.5,7.9,13.5,0.5,241.5,196.25,54.25,6,9.04166666666666,8.35,69.5,560.6,53
N6,83.25,15.25,22,0.69339356295878,80.3,6.5,13.5,-2,187.25,156.25,63.5,6,10.5833333333333,6.95,62.5,476,53
N7A,91.25,13.5,20,0.675219298245614,77,7.6,12.5,-1.5,198.25,176.5,74.6,6,12.4333333333333,8.2,64,575.7,53
NC13,124,15.5,21.25,0.729437229437229,85,9.65,14,-1.5,223,203.25,53.65,6,8.94166666666667,8.2,76,214.1,53
NC230,80.75,16.5,22.25,0.741318464144551,64.85,8.9,14.5,-1.5,159.75,128,56.1,6,9.35,5.9,70.5,259.4,50
NC232,88,16.5,23.25,0.709692028985507,83.4,8.9,15,-1.5,192.75,154.25,57.3,6,9.55,7.65,72.5,625.6,53
NC236,83,17,23,0.739130434782609,78.3,8.65,16,-1,183.75,151.5,54.35,6,9.05833333333334,5.9,73,280.3,53
NC250,77,15.5,22,0.704757199322416,68.75,7,14,-1.5,195,160.75,67.05,6,11.175,8.75,68.5,420.7,53
NC258,90,13.75,20,0.687719298245614,93,8.25,11.5,-2.5,194.5,170,56.2,6,9.36666666666667,8.1,70.5,434.9,53
NC260,83.75,14.25,21.5,0.662878787878788,73.65,8.05,14.5,0.5,256.25,203.25,56.65,6,9.44166666666666,8.25,65.5,385.3,51
NC262,68.5,13,18.5,0.703216374269006,74.8,7.3,12,-1,179.5,133.5,62.4,6,10.4,5.7,59,482,53
NC264,106.75,15,19.75,0.759868421052632,83.5,9.15,13,-2,210.25,172.5,60.25,6,10.0416666666667,8.9,68.5,503.7,53
NC290A,72,14.75,22,0.672483766233766,78.4,7.75,13.5,-1,174.5,132,65.05,6,10.8416666666667,8.1,66.5,627.6,53
NC294,121.5,16.5,22.5,0.733201581027668,69.4,7.5,15,-1,221.5,198.5,53.1,6,8.85,8,69,665.2,53
NC298,108,16.75,22,0.761622435535479,74,7.5,14.5,-2.5,216,180.5,64.85,6,10.8083333333334,8.8,73.5,303.4,53
NC302,79,14.5,22,0.659090909090909,82.15,7.1,13.5,-1,200.5,159.25,59.85,6,9.97499999999999,6.65,71,418.1,53
NC306,100,16.75,23.75,0.705778985507246,74.9,8.05,15,-2,212.25,184,44.4,4.5,9.89166666666667,8,69.5,518.2,53
NC310,87.25,14,19.5,0.718421052631579,71.1,6.8,12,-2.5,184.75,153.5,46.35,6,7.725,8.75,67,375.8,53
NC318,102.5,15.75,21,0.75,NA,NA,NA,NA,221,178.75,55.9,6,9.31666666666667,10.35,73,369,53
NC324,73.5,14.5,22,0.659796725014116,75.55,5.35,15,0,208.5,172.5,61.2,6,10.2,6.9,67.5,234.9,53
NC326,85.75,14.75,22.5,0.656832298136646,83.5,8.6,13.5,-1.5,206,172.5,58.45,6,9.74166666666667,8.7,67.5,532.4,53
NC328,107.5,15,20.5,0.732142857142857,76.1,7.6,13.5,-1.5,215,184.75,56.9,6,9.48333333333333,10.3,67,684,53
NC338,117.75,17.75,22.25,0.797736683606249,72.25,6.7,14,-4,189.5,164.75,63.15,6,10.525,6.1,80,253.6,53
NC340,114.25,17,24.25,0.70125,90.05,6.85,15,-2,226,183.25,59.85,6,9.97499999999998,6.55,76.5,288.2,52
NC342,97.75,13.75,19.75,0.696929824561404,86.3,8.25,11.5,-2.5,197.25,161.75,62.4,6,10.4,9.15,67.5,430.1,53
NC348,111.75,15.75,21.75,0.724567099567099,74.55,8.6,14.5,-1.5,227,193.25,60.4,5.5,10.9666666666667,8.25,72,366.8,53
NC350,NA,NA,22.25,NA,107.45,7.3,16,NA,173.5,135.25,57.6,6,9.6,NA,79,164.3,53
NC356,94.25,15.75,21.5,0.724025974025974,87.4,6.7,13.5,NA,182.75,152.5,67.3,6,11.2166666666667,9.85,70.5,356.3,53
NC358,101,16.75,23.25,0.720561594202898,66.2,8.5,15,-2,197.25,171.25,36.3,4,8.81666666666667,9,70,389.7,49
NC362,91.5,15,21.5,0.698051948051948,83.5,7,15,0,217.5,170.5,52.4,6,8.73333333333333,9.5,69,576.6,53
NC364,50,13.25,20.25,0.654166666666667,68.25,6.475,12.25,-0.5,153,112,64.9,6,10.8166666666667,7.8,63,535.5,53
NC368,88,16.25,23.75,0.684329710144927,84.55,8.7,14.5,-1.5,194,170.5,36.4,4,8.91666666666666,8.45,69,394.6,51
ND167,41.5,9.75,14.75,0.662202380952381,55,5.9,10.5,0.5,133,100.5,54.25,6,9.04166666666666,NA,52,245.6,53
ND230,53.5,9.5,14.75,0.644047619047619,NA,NA,NA,NA,187,150.75,47.55,6,7.925,7.05,52,387.6,53
ND245,61.25,11,16,0.6875,55.325,6.25,10,-1,167,137.5,67.1,6,11.1833333333333,9.2,53,244.4,53
ND246,60.75,10.75,16,0.671875,54.5,6.45,10.5,-0.5,175.5,144.25,69.45,6,11.575,8.05,51.5,338.9,53
ND247,57,11,15,0.733333333333333,51.8,4.8,9,-2,144.5,121.5,47.2,6,7.86666666666667,NA,59,83.8,53
ND249,44,11,16.5,0.667279411764706,NA,NA,NA,NA,119,100.5,63.8,6,10.6333333333333,6.4,53,440.4,53
ND251,29.25,11.5,17,0.677593954248366,50.6,10.4,12.5,0.5,87,63.75,50.75,6,8.45833333333334,9.2,55,291,53
ND259,86.75,12,15.75,0.7625,73.8,8.35,11,NA,192,154,58.75,6,9.79166666666669,7.15,54,491,53
ND260,47,10.5,15.25,0.688988095238095,67.7,5.55,11,0.5,159.5,125.5,57.75,6,9.62499999999999,6.45,54.5,358.8,53
ND262,45.25,12,16.25,0.738970588235294,57.8,8.45,12.5,0.5,140,109,35.2,3.5,10.7416666666667,8.1,51.5,369.9,53
ND265,73,11.25,15.75,0.714583333333333,72.5,7.15,10.5,-0.5,179,148.5,67.35,6,11.225,NA,54.5,430.6,53
ND283,66.5,10.75,17.5,0.61437908496732,60.35,6.65,9.5,-1.5,167,148.5,59.9,6,9.98333333333333,5.85,54.5,219.5,53
ND287,71.5,14,20,0.701754385964912,60,7.75,13,-1,146.5,118.25,60.8,6,10.1333333333334,5.95,55.5,275.2,53
NK740,115.25,13,17,0.764705882352941,72.3,9,11,-2,231.75,183.75,54.65,6,9.10833333333333,7.8,63.5,654.3,53
NK794,70.25,13.5,19.75,0.683552631578947,71.4,8.45,13,-0.5,196.5,158,59.4,6,9.90000000000001,8.7,60,647.3,53
NK807,71.25,10.5,16.75,0.626225490196078,67.9,8.05,10,0,208.75,166.25,58.8,6,9.79999999999998,7.6,56.5,469.5,53
NK907,62.75,11.25,16,0.703125,69.25,6.75,11,-0.5,178.25,142.5,45.1,4.5,10.1416666666667,7.8,54.5,357.6,53
NKBCC03,75,11.75,17.25,0.681372549019608,74.65,7.55,10.5,-1,202.5,163.5,57.95,6,9.65833333333333,8,63.5,606.6,53
NKH8431,67.25,10.25,17,0.602941176470588,70.25,7.8,9.5,-0.5,198,161.5,61.8,6,10.3,NA,58.5,558.9,53
NKNP901,74.75,11.25,17.5,0.642576109391125,74.875,8.025,10.5,0,219.25,174.75,56.8,6,9.46666666666669,9,61.5,595.9,49
NO._380,64.75,9.5,13.5,0.701923076923077,62.25,6.75,9,-1,168.75,139.75,49.1,6,8.18333333333334,9.25,53.5,298,53
NORTH_7,71.5,11,16.25,0.677083333333333,74.65,6.95,10,-0.5,187.5,154.25,54.45,6,9.075,8.4,59,373.6,53
NP87,118.25,16.25,23,0.706727602108037,77.9,8.45,14,-2,190.25,168.75,54.65,6,9.10833333333333,9.55,66,312.2,53
NP899,106.5,13.5,18.75,0.720029239766082,72.6,9,11.5,-2,252.5,200.5,66.8,6,11.1333333333334,8.45,62,720.7,53
NQ402,104.75,12.75,18,0.707693713450292,71.4,7.9,11.5,-1,232,190,64.35,6,10.725,7.5,61,615.3,53
NQ508,116.25,13.75,18,0.764275885792914,NA,NA,NA,NA,215.5,177.25,63.95,6,10.6583333333333,8.8,60.5,543.4,53
NS501,87.25,13,18.25,0.712719298245614,65.7,6.8,12.5,-0.5,190.75,157.25,66.25,6,11.0416666666667,NA,60,423.7,51
NS701,92.5,14.25,20,0.7125,76.75,7.2,14,0,192.75,161.25,57.2,6,9.53333333333333,9.5,65.5,510.5,53
NY_159_(Neveh_Yaar),109.25,13.25,19.5,0.698830409356725,76.85,7.7,12,NA,212.75,184.25,58.65,6,9.77500000000001,6.85,62.5,434.3,53
NY_166_(Neveh_Yaar),70.5,11.5,16.5,0.696691176470589,67.2,9,11,0,191.5,159,59.9,6,9.98333333333333,6.1,65,430.6,50
NY6371,94.75,13.75,18,0.763888888888889,77.3,8.15,14,0.5,223.5,176.25,63.2,6,10.5333333333333,7.8,65,478.3,52
OC19,66,12.25,18.5,0.663011695906433,60.5,6.95,12,-0.5,199.25,158.75,61.9,6,10.3166666666667,8.25,63.5,238.9,53
Oh33,90.25,13.5,18.5,0.730263157894737,82.8,7.5,14,0,204.5,164.25,60.7,6,10.1166666666667,7,61,282.6,53
Oh40B,89.25,10.75,15.75,0.681678921568628,NA,NA,NA,NA,230,182.5,56,6,9.33333333333334,NA,61.5,278.3,53
Oh43,66,11.75,16.75,0.70077614379085,69.55,9.25,11.5,-0.5,196.75,154,53.55,6,8.925,8.4,60.5,652.4,53
Oh43E,68.25,12.75,18.75,0.680555555555555,79.15,8.45,11.5,-1,175,144.5,62.35,6,10.3916666666667,6.55,62,450.5,53
Oh603,112.25,15.25,21.25,0.718344155844156,90.35,8.9,13.5,-2,224,183,48.05,5.5,8.68166666666666,6.75,70,373.5,53
Oh7,104,13.75,20.25,0.680639097744361,75.8,7.7,13,-0.5,246,203.25,54,6,9,8.85,68.5,491.9,53
Oh7B,112.5,14.25,19,0.75,84.65,7.65,12.5,-1.5,219.75,180.5,57.35,6,9.55833333333333,8.25,72,537.3,53
OQ101,56.75,11,15.25,0.721875,55.6,8.05,11,0,159.5,129.25,57.95,6,9.65833333333333,6.4,53.5,396.6,51
OQ403,58,10.25,15,0.684821428571428,63.9,6.55,10.5,0.5,176,141.75,60.8,6,10.1333333333333,6.35,55.5,366.1,53
OQ601,102,12.25,16.75,0.731617647058824,72.5,7.65,12,-0.5,212,171.5,56.55,6,9.425,9.05,63,450.2,53
OQ603,80.75,11.75,16.25,0.722426470588235,75,6.6,10,-2,191.5,158,54.9,6,9.15,9.55,60,523.5,53
Os420,93.5,14,18.75,0.746345029239766,81.15,8.05,13,-0.5,213.25,174.25,57.55,6,9.59166666666667,NA,62,569,53
OS602,70.5,12.75,18.5,0.689327485380117,76.2,7.45,12.5,-0.5,205.5,162.5,59.1,6,9.84999999999998,7.15,59.5,503.6,53
P39,54.25,12.5,18.75,0.666228070175439,79.8,6.7,12.5,0.5,177,146,54.1,6,9.01666666666667,NA,59,324.5,53
Pa392,90.5,12,17,0.705882352941177,85,9.2,12,NA,218.5,173.5,70.4,6,11.7333333333333,5.2,59,467.4,53
Pa405,93,12.5,18.25,0.685242518059855,75.6,7.45,11,-2,186.75,162.25,58.55,6,9.75833333333333,8.5,63,441,53
Pa468,101,16.5,20.75,0.795562770562771,72.2,9.25,15,-2,187.5,156.75,56.2,6,9.36666666666667,8,60.5,483,49
Pa762,81.75,13.5,19,0.710818713450292,66.7,9.95,12,-1.5,188.75,151.75,60.75,6,10.125,7.6,63.5,558.1,53
Pa880,91.5,15.25,22.25,0.685276679841897,86,8.3,14.5,-1,218,177.5,64.3,6,10.7166666666667,7.75,67.5,410.8,49
Pa891,124.5,13,19,0.684210526315789,94.25,9.45,11.5,-1.5,266.25,224.25,52.75,6,8.79166666666666,9.15,68.5,599.5,53
Pa91,104.5,12.5,18.5,0.675438596491228,97.15,8.65,11,-1.5,237.25,194.25,61.15,6,10.1916666666667,8.75,65.5,727.7,53
PH207,84.25,12.75,17,0.75,73.45,6.65,10.5,-2,199.25,158.75,61,6,10.1666666666667,7.1,58.5,507.5,53
PH5HK,84.5,14,18.75,0.747076023391813,77.2,8.15,12.5,-1.5,220,172.5,58.4,6,9.73333333333335,9.1,64.5,820.9,53
PHAA0,69,11.25,16.25,0.692095588235294,71.05,8.05,10,-1.5,191,152.25,58.85,6,9.80833333333334,7.6,54.5,635.4,53
PHAW6,96,13.25,18.25,0.725877192982456,78.75,8.65,12,-1.5,198.75,160,64.2,6,10.7,8.55,64,814,51
PHB09,86.25,13,19,0.684210526315789,62.5,7.5,11.5,-1.5,175.5,147.75,64.25,6,10.7083333333333,7.8,62,415.2,53
PHB47,93.5,11.25,18.5,0.608187134502924,71.2,9.05,10,-1.5,233.25,197.25,57.65,6,9.60833333333333,8.45,62.5,628.7,53
PHBA6,93.5,13.5,19.75,0.683552631578947,88.5,8.15,12.5,-1,228.25,190.25,54.3,6,9.05,8.25,62,566.5,53
PHBB3,89,12.75,18.5,0.689628482972136,73.95,9.6,11,-2,215.5,171.75,50.8,6,8.46666666666667,8.7,63.5,749.6,53
PHBW8,91.75,13,18.75,0.693713450292397,74.85,7.4,12,-1,215,175,58.65,6,9.775,7.7,60.5,786.2,53
PHDD6,41,9.5,15.25,0.623214285714286,54.8,6.6,10.5,1,127.75,108.5,59.95,6,9.99166666666668,7.45,48.5,214.7,53
PHEG9,64.25,13,19,0.684210526315789,73.7,8.8,12,-1,195.25,151.25,62.3,6,10.3833333333333,8.1,65.5,649.2,53
PHEM7,77.75,11,15,0.733333333333333,68.25,6.75,11,0,194.75,161.25,57.25,6,9.54166666666669,8.3,50,409.9,53
PHEM9,71,10.75,16.25,0.661764705882353,79.1,9.05,10.5,-0.5,195,158.5,57.75,6,9.625,7.9,55,630.8,53
PHEW7,68.5,12.25,19.5,0.627631578947369,77.65,7.25,11.5,-0.5,185,143,57.85,6,9.64166666666667,5.45,64,460.9,49
PHFA5,61,10.5,16,0.65625,65.55,8.95,10,-0.5,189.25,159.75,57.9,6,9.64999999999998,7.35,51.5,642,53
PHG29,92.75,12.75,16.5,0.772977941176471,72.4,7.675,11.25,-1,191.75,150,52.65,6,8.775,8.2,60.5,515.2,53
PHG35,88.25,13.5,17,0.794117647058823,79.65,9.15,11.5,-2,186.75,144.5,66.05,6,11.0083333333333,NA,64,344.4,52
PHG39,78.75,14,20,0.683333333333333,72.9,7,12.5,-1.5,219.75,182.75,48,6,8,8,65.5,560.2,53
PHG47,59.25,14.5,19.25,0.753654970760234,65.35,7.95,13,-1,193.25,147.25,61.8,6,10.3,7.4,60.5,493.4,53
PHG50,94,14.25,18.5,0.77046783625731,79.6,9.7,13,-1.5,189.75,152.5,52.5,6,8.75,7.35,61.5,610.4,51
PHG71,94,14.25,19.5,0.730921052631579,76.35,8.55,13,-1.5,196.75,161.25,53.25,6,8.875,7.05,60,499.7,53
PHG80,81.75,12,18.75,0.640350877192982,76.7,9.8,11,-1,206.75,173.75,54.85,6,9.14166666666667,9.1,60,690.2,53
PHG83,95.75,13.5,18.5,0.72953216374269,74.45,8.85,13,-0.5,207.75,166.5,56.3,6,9.38333333333334,7.7,62,642.4,51
PHG84,56.5,12,17.5,0.686274509803922,73.5,8.5,12,0,193,156,56.4,6,9.4,9.1,76,320.4,53
PHG86,87.5,14.25,20.25,0.703571428571429,77.95,7.25,13,-1.5,217.5,174.5,57.55,6,9.59166666666667,8.75,65.5,516.3,53
PHGG7,94,13,17,0.764297385620915,75.55,6.75,12,-1,212,175,54.9,6,9.15,7,55,390.5,53
PHGV6,106.5,14,21,0.666666666666667,83.55,8.35,13.5,-0.5,225.25,182.5,59.2,6,9.86666666666668,8.35,76.5,544,53
PHH93,99.75,13.25,17.75,0.746732026143791,84.35,8.25,11.5,-2,210.75,171,56.65,6,9.44166666666666,7.05,59,545.2,53
PHHB4,73.5,12.5,20.25,0.617261904761905,72.55,7.3,11,-1.5,226.25,186.25,60.6,6,10.1,8.85,64,636.2,53
PHHB9,76.75,13.75,20,0.6875,81.25,8.05,13,NA,203.75,160.75,50.25,6,8.375,8.85,64.5,843.7,51
PHHH9,96.25,13.25,20.5,0.654761904761905,78.55,8.1,12,-1.5,213.75,185.75,61,6,10.1666666666667,8.9,66.5,652.7,53
PHJ33,86,12.75,17.5,0.730902777777778,70.8,7.35,11,-2,207.5,164.5,37.95,4,9.64166666666667,NA,62,504.3,53
PHJ40,77,11,16.5,0.667279411764706,66.2,6.95,9.5,-1.5,183.5,154,60.55,6,10.0916666666667,10.05,53.5,470.4,53
PHJ65,97.25,15.25,22.75,0.670454545454545,88.15,8.15,13.5,-2,225.75,190.5,56.7,6,9.44999999999999,7.6,71.5,489,53
PHJ70,113,13.5,19.5,0.692105263157895,74,7.75,10.5,-3.5,241.75,209,54,6,9,9,66,716.1,53
PHJ75,67,10.75,15.75,0.682291666666667,68.9,9,11,0,195,158,56.6,6,9.43333333333334,7.8,53.5,580.7,53
PHJ89,80.5,12,17.5,0.686274509803922,72.6,8.1,12,0,233.5,186.5,63.4,6,10.5666666666667,7.5,58,744.4,53
PHJ90,94.75,12.75,17.75,0.718137254901961,75.15,8.85,11,-1.5,203.75,167,54.05,6,9.00833333333334,8.15,58.5,711.6,53
PHJR5,109.25,15,20.5,0.727574370709382,70.3,9.05,12.5,-1,270.75,225.5,52.35,6,8.725,7.15,61,542.4,52
PHK05,66.5,11,16.5,0.669186753648828,64.2,8.45,11,0,190.5,149,53.2,6,8.86666666666667,6.85,48.5,301.6,53
PHK29,99,13.5,18.75,0.720760233918128,84,8,12,-1.5,229.25,183,56.2,6,9.36666666666666,9,64.5,771.3,53
PHK35,93.5,13.75,19.5,0.705263157894737,73.85,8.2,13.5,-0.5,239,193.5,54.6,6,9.1,7.95,64,460.7,53
PHK42,84.5,12.75,16.75,0.761029411764706,74.05,6.8,11,-2,196.5,154.75,57.3,6,9.55000000000001,6.6,57,530.1,53
PHK46,124.75,13.25,19.75,0.671052631578947,106.85,7.35,12,-1.5,233,205.25,49.95,6,8.325,8,69,559,53
PHK56,90,14,19.25,0.727631578947368,74.65,8.45,11,-3,221.75,176,62.55,6,10.425,8.85,61.5,796.5,53
PHK74,84.5,12,16.25,0.738480392156863,64.5,6.75,10.5,-1.5,189.25,160.25,55.4,6,9.23333333333333,NA,56.5,419.5,53
PHK76,84.75,12,17,0.705882352941177,69.9,9.8,11,-1,225.5,179.5,54.35,6,9.05833333333333,7.85,58,662.1,53
PHK93,96.75,14.75,21.25,0.694264069264069,93.75,8.85,13.5,-1,210.75,175.25,54.95,6,9.15833333333332,8.35,69,570.3,53
PHKE6,78.5,12.75,16.75,0.761029411764706,72.95,9.275,11.25,-1,187.5,148.75,59.3,6,9.88333333333333,8.6,61.5,593.4,51
PHKM5,64.25,11.5,16,0.719178921568628,64.65,6.1,10.5,-1,171.5,143.75,58.4,6,9.73333333333333,6.65,55,298,53
PHM10,75,12.5,19.25,0.649561403508772,79.9,7.35,11,-1.5,196.5,164,58.4,6,9.73333333333333,6.25,63,452.9,53
PHM57,77.5,12.5,19,0.659502923976608,85.55,8.9,11.5,-1,208.25,175.25,61.3,6,10.2166666666667,9.05,75,602.6,53
PHM81,51.25,9.25,14.75,0.626190476190476,63.1,7.85,10,0.5,154,128.75,54.6,6,9.1,7.35,50.5,417,53
PHMK0,98.25,16.25,22,0.738636363636364,74.95,9.3,14,-2,206.75,168.5,54.2,6,9.03333333333333,8.05,69.5,585.5,53
PHN11,76.25,12.5,16.75,0.744076797385621,74.75,8.1,11.5,-1,181,142.25,58.95,6,9.825,7.5,59,498.1,53
PHN18,94.75,12.75,19,0.670614035087719,72.7,7.8,12,-1.5,223.25,186.25,54.5,6,9.08333333333334,8.95,64,656.2,53
PHN34,100,14.25,20,0.712406015037594,81.9,7.35,13,-1,217.25,187.5,49.55,6,8.25833333333333,7.65,68.5,333.2,52
PHN41,93.5,13,19.5,0.667105263157895,68.65,7.45,12,-1,185,163.25,56.9,6,9.48333333333333,8.3,61.5,560.6,49
PHN46,83,13.25,18,0.735681114551084,66.65,8.875,12,-0.5,195.75,154.25,55.3,6,9.21666666666667,6.6,67,447.1,53
PHN47,103.25,13.5,19.25,0.693421052631579,71,9.45,11.5,NA,210.75,172,48.95,6,8.15833333333333,6.9,74,324.8,53
PHN66,92,13.25,18.5,0.716374269005848,73,8.05,11,-2,200.75,163.75,57.45,6,9.575,6.45,63,461,53
PHN73,101,13.5,18,0.75,77.65,8.8,12,-1,220,173.75,50.5,6,8.41666666666666,7.3,63,647.6,53
PHN82,71.75,12,16.5,0.72702205882353,73.75,9.6,12,-0.5,175.25,137.75,61.4,6,10.2333333333333,8.95,63,854.4,53
PHP02,55,10.5,15.75,0.666666666666667,73.075,7.3,9.5,-1,183,143.75,59.9,6,9.98333333333332,8.8,58,552.3,53
PHP38,69.75,12.75,19.25,0.6625,81.35,8.35,12,-1,221.75,171.75,54.1,6,9.01666666666667,9.35,63,803.1,49
PHP55,88.25,12,18,0.666666666666667,77.3,10.3,11,-1.5,208.25,170.25,62.7,6,10.45,NA,61.5,592.5,51
PHP60,92.75,17.25,23.25,0.741847826086957,85.25,9.5,16,-1.5,214.75,177.75,63.35,6,10.5583333333333,9.1,73.5,621.3,53
PHP76,68.25,13.5,19.5,0.692105263157895,71.5,7.7,13,-0.5,172.75,138.5,47.65,6,7.94166666666666,8.3,61.5,492.5,53
PHP85,88,13.5,19,0.710526315789473,79.5,8.9,12,-2,215,171,50.7,6,8.45,7.9,66,696.6,51
PHPR5,91.25,13.25,18.5,0.71594427244582,79.8,8.4,12,-1.5,212.25,171,58.25,6,9.70833333333335,8.4,62.5,647,53
PHR03,99.5,13.5,18.75,0.720029239766082,80.25,8.85,12,-1,227,188.5,50.85,6,8.475,7.95,67.5,719.8,53
PHR25,75.5,11.25,16.75,0.671875,66.5,7,10.5,-1,197,166.25,56.4,6,9.4,7.85,55,655.2,53
PHR31,89.5,13.25,19.25,0.688377192982456,81.25,7.975,11.25,-2.5,195.75,160.25,53.05,6,8.84166666666667,8.7,63.5,667.1,52
PHR32,87,14,21.5,0.651515151515151,78.35,9.45,14,0,222.75,183,51.7,6,8.61666666666667,6.95,67.5,526.9,53
PHR36,95,15.25,21.5,0.709415584415584,61.85,7.25,13.5,-1.5,185.5,165.25,56.35,6,9.39166666666667,6.95,64,402.2,53
PHR55,94.25,14.25,20,0.712406015037594,81.65,7.85,12.25,-1.5,200,165,60.8,6,10.1333333333334,8.7,65,637.1,53
PHR58,80.5,12.25,18.5,0.662280701754386,63.9,8.85,11,-1,219.25,172.5,54.9,6,9.15,8.4,66.5,739.1,51
PHR61,79.75,12.25,19,0.644736842105263,76.5,8.95,11,-1,233,197.25,55.65,6,9.27499999999998,9,61.5,683,53
PHR62,93.25,14,19.25,0.727631578947368,76.25,8.3,12.5,-1.5,216,175.25,64.45,6,10.7416666666666,6.55,64,687.6,53
PHR63,73.5,12.5,18.25,0.684941520467836,72.45,8.65,11,-1,192.25,150.25,51.45,6,8.575,9.15,61,655.8,51
PHRE1,70.75,11.75,16,0.734375,65.85,7.3,10.5,-1,169,140.75,60.75,6,10.125,9.15,53.5,520.3,53
PHT10,102.25,14,19,0.736842105263158,79.6,8.3,13,-1,230.25,189.5,59.45,6,9.90833333333335,8,65,577.7,50
PHT11,104.75,13,20.5,0.634523809523809,81.2,8.65,11.5,-1.5,257.75,223.75,50.85,6,8.475,8.65,64,531.9,53
PHT22,88,14,19,0.737865497076023,79.25,7.25,11,-3,199.75,164.75,59.5,6,9.91666666666669,8.1,65,683,53
PHT47,101.25,13.25,21,0.630952380952381,84.85,7.85,12,NA,244.5,203.5,46.2,6,7.7,8.35,65,746.1,53
PHT55,103.75,14.25,19.25,0.740131578947368,82.05,7.85,11,-3,219.75,181,57.2,6,9.53333333333333,8.15,69,467.6,53
PHT60,65.25,12.5,18.25,0.685242518059855,76.25,8.05,11.75,-0.5,197,156.75,62.05,6,10.3416666666667,9.3,63,518,53
PHT69,101.5,12,17.5,0.686274509803922,77,7.3,10,-2,230,191.5,62.2,6,10.3666666666667,8,56,914.2,53
PHT73,27,8.5,14.5,0.585714285714285,47.5,5.6,9,1,147.5,123.5,55.3,6,9.21666666666667,6.7,55,238,53
PHT77,68.25,11,17.25,0.637459150326798,67.5,7.95,11,0,206.75,164.25,53.6,6,8.93333333333334,9.6,60,746.2,53
PHTD5,78.25,12.75,17.25,0.738970588235294,69.75,7.3,11,-1,175,143.75,57.9,6,9.65,7.45,59,444.3,53
PHTE4,82.25,12,18,0.666666666666667,70.95,6.95,11,-1,220.75,178.25,57.75,6,9.625,8.55,58.5,576.7,53
PHTM9,62.25,11.5,16.5,0.696691176470589,77.9,8.2,11.5,0,206.25,165,61.85,6,10.3083333333333,9.95,56,533.5,53
PHV07,91.25,13.75,19,0.723684210526316,69.3,8,12,-1.5,196.5,156.75,61.15,6,10.1916666666667,9.5,63.5,633.4,53
PHV37,74.75,13.25,19.75,0.671052631578947,77.5,7.4,11.5,-1.5,221.75,183.25,54,6,9,7.15,58.5,588.1,53
PHV53,96.25,13.75,19.25,0.714473684210526,NA,NA,NA,NA,239.75,188,52.2,6,8.7,7.2,69.5,490.2,53
PHV57,68,11.5,16.5,0.696691176470589,72.25,9.275,10.5,-1,176.75,141.5,71.8,6,11.9666666666667,7.6,58,582.5,53
PHV63,70,14,19,0.736842105263158,84.55,7.6,12.5,-1.5,177.75,134,48.95,6,8.15833333333333,8.6,69.5,622.2,53
PHV78,82.5,12,17.25,0.695567810457516,82.85,8.9,11,-1.5,225.25,177,60.3,6,10.05,7.6,66,805.9,53
PHVA9,60.75,10.5,16.75,0.626838235294118,76.3,7.05,10,-0.5,195,158.75,51.15,6,8.525,8.9,60,615.7,53
PHVJ4,66.5,10.5,16.25,0.648406862745098,74.975,7.425,11.25,0.5,206.75,168.25,54.15,6,9.025,7.7,55,558.2,53
PHW03,90.75,13,19,0.684722222222222,77.55,9.25,12,-1,248.5,204,54.9,6,9.15,8.4,58.5,666.4,53
PHW06,63.25,10.75,14.75,0.728571428571428,61.95,7,10,-1,167.75,134.25,55.95,6,9.325,7.55,54.5,314.5,53
PHW17,108.25,13.25,19.75,0.671052631578947,77.4,7.3,12,-1.5,230.25,195.25,61,6,10.1666666666667,7.3,63,564.4,53
PHW20,86.5,13.75,18.75,0.733187134502924,70.4,7.35,12,-1.5,204.75,169.75,55.6,6,9.26666666666667,NA,57,369.7,53
PHW30,78.5,12.5,18.75,0.666666666666667,81.4,5.35,11.5,-0.5,232.25,191.25,59.6,6,9.93333333333332,9,NA,640.6,53
PHW43,74.25,11.75,17.75,0.661764705882353,77.8,9.6,11,-0.5,223.5,181.5,48.9,6,8.15,9.6,61.5,547.4,53
PHW51,87.5,13.5,19.5,0.692105263157895,69.2,9,12,-1.5,198,164.5,59.4,6,9.89999999999998,8.5,68,597,53
PHW52,64.75,12,18,0.666666666666667,73.05,7.15,11.5,-0.5,187.75,150,64.2,6,10.7,9.75,63,777.3,53
PHW53,65,13.5,20.5,0.658928571428572,71.35,8.7,12.5,-1,184.75,156.5,62.3,6,10.3833333333334,8.2,62.5,593.4,53
PHW80,83.75,13,18,0.722222222222222,60.25,9.35,10.5,-2.5,193.25,162.75,68.15,6,11.3583333333334,8.1,59.5,674.9,49
PHW86,97,12.75,17.5,0.72875816993464,74.1,8.35,11,-2,194.25,167.5,63.5,6,10.5833333333333,6.55,56,525.5,53
PHWG5,102,13,18.25,0.712289301685586,75.75,9.5,12,-1,216,174.25,57.1,6,9.51666666666667,7.85,67,530.6,53
PHWRZ,74.25,12.5,18.5,0.675438596491228,66.3,9.55,11,-1.5,194.75,158.5,62.35,6,10.3916666666667,6.95,61.5,531.9,53
PHZ51,83,14,21.75,0.643939393939394,68.5,8.3,13.5,-0.5,208.25,175.5,43.1,4.5,9.85833333333333,8.5,64,485.8,53
R101,103.25,14.25,20,0.7125,73.3,6.65,12,-2,209.75,174,48.1,6,8.01666666666667,8.85,61,398.8,53
R113,85.25,13,18,0.722222222222222,73.45,7.45,11.5,-1.5,190,158,63.2,6,10.5333333333333,NA,61,494.7,53
R134,113.5,16.25,22,0.738895162808206,76.2,7.4,12.5,NA,205.75,166.25,49.6,6,8.26666666666667,NA,70,232,53
R177,70,11.5,18,0.639920880632955,75.35,7.95,10.5,-1,218.75,186.5,66.5,6,11.0833333333333,8.2,61.5,327.9,53
R181B,101,13.75,19,0.723684210526316,95.2,7.2,12,-2,242.25,194.5,49.05,6,8.175,7.4,64,518.3,53
R197,109.75,15.25,20.75,0.732416267942584,89.6,7.4,13.5,-1.5,224.25,189,58.75,6,9.79166666666669,NA,70,495.1,51
R225,111.25,17.5,23.25,0.753616600790514,84.5,7.95,16.5,-1.5,225.75,189.5,52.35,6,8.725,8.6,68,467.2,53
R226,89.5,15.25,21.25,0.717207792207792,66.15,7.05,12.5,-3,186.25,159,67.65,6,11.275,9.2,68.5,560.7,53
R227,97.75,14.25,19.75,0.730921052631579,91.6,10.45,13,-1,215.5,179,57.3,6,9.55,9.1,66,411,50
R229,99.75,14,19.25,0.727631578947368,83.1,7.7,12.5,-1.5,202.5,164,55.45,6,9.24166666666667,10.05,66,526.8,53
R4,94.75,14.75,21.5,0.686034255599473,76.15,8.05,13,-1.5,222.75,186.5,53.4,6,8.9,6.85,66,372,50
R53,43.75,10.25,15.25,0.673363095238095,68.15,7.45,11,1,151.5,113.5,63.65,6,10.6083333333333,NA,55.5,333.1,53
R71,90.75,14.75,19.75,0.746710526315789,81.65,7.35,13.5,-1,194.75,159.75,61.05,6,10.175,9.7,64.5,391.4,53
R78,78.5,12.25,18.5,0.661984004127967,73.6,8.75,12.5,-0.5,189.5,152,48.6,6,8.1,6.7,64.5,448.5,53
RS_710,48,10,16.25,0.615808823529412,60.45,7.6,10.5,0.5,157,129.25,52.7,6,8.78333333333333,8.5,54,445.9,53
S_56,44.25,9,12.5,0.719551282051282,64.725,7.1,8.75,-0.5,129,94.5,50.6,6,8.43333333333334,6.85,49,325.7,53
S8324,44,10,16,0.625,73,8.3,11,1,168.5,132.5,56.8,6,9.46666666666667,8,55,447.4,53
S8326,106,13,17,0.764705882352941,77.75,7.05,9,-4,218,174.5,56.6,6,9.43333333333334,8.4,63,571,53
SD101,84.75,13.75,19,0.723684210526316,69.3,6.55,10.5,-3,159.25,134.5,54.85,6,9.14166666666667,6.05,63,376.8,51
SD102,77,13,17.75,0.73202614379085,66,9.35,10.5,-2.5,170.75,139.5,63.1,6,10.5166666666666,9.25,62.5,578.3,53
SD15,93.5,13.25,20,0.6625,73,7.55,11.75,-1.5,221.25,191.5,57.75,6,9.625,6.95,60,454.8,53
SD40,84.5,13.75,20.25,0.679166666666667,80.9,6.95,13,-0.5,220.25,175,57.55,6,9.59166666666667,8.2,62,718.8,53
SD42,101.25,15,21,0.714285714285714,71.75,9.45,12.5,-2.5,214,176,55.65,6,9.27499999999998,8,61,494.7,53
SD44,83,12.5,18.75,0.666885964912281,77.425,9.75,11.75,-0.5,205.75,171.5,63.9,6,10.65,7.7,58,552.6,53
Seagull_Seventeen,88.75,11.75,16.5,0.712316176470589,68.7,8.65,10,-1.5,219,169.25,66.85,6,11.1416666666667,7.95,63,632.1,51
Sg_1533,130.5,16.25,20.75,0.783333333333334,81.65,6.55,14,-2,201.25,176.75,49.9,6,8.31666666666667,8.95,71,258.7,53
Sg_18,129.75,16.25,21.5,0.755952380952381,80.1,6.7,13.5,-2.5,225,201,63.4,6,10.5666666666667,9.4,65.5,299.4,53
SG_30A,89,15.25,20.25,0.752380952380952,77,4.55,14.5,NA,162,141.25,59.4,6,9.9,10.15,63.5,155,53
T141,103,14,20.5,0.679425837320574,83.1,7.3,12,-4,202.5,171,46.6,6,7.76666666666667,5.9,55,423,53
T146,41.75,11.75,16,0.734803921568628,56.3,5.75,11.5,0,131.25,99.25,54.1,6,9.01666666666667,8.5,55,140.5,53
T232,97,11.25,18.25,0.619243421052632,83,9.6,11,0,228.75,194.5,69.85,6,11.6416666666666,5.95,68,494.7,53
T234,87,14,22,0.636363636363636,73.5,8.7,14,0,193,162,64.4,6,10.7333333333333,5.7,72,148.8,51
T242,58,11,16,0.6875,69,8.2,10,-1,173,124.5,76.1,6,12.6833333333333,7.9,57,220.4,53
T8,121.5,16,21.75,0.735930735930736,84.65,8.3,15,-1,233,200,56.85,6,9.475,9.6,72,390.3,53
T9,42.5,10,14.25,0.702380952380952,64,7.2,10,0,153.25,116.75,49.15,6,8.19166666666666,8,48,250,53
Tr,97.5,14.25,21,0.678192640692641,92.65,8.2,13,-0.5,197.75,166.75,50.55,6,8.425,8.5,67,646,53
Tx303,151.5,16,21,0.761904761904762,99.2,8,13,-3,271.5,228.5,61.7,6,10.2833333333333,7.7,78,276.6,53
TZU-CHIAO-HSI-WU_105,107,14.75,20,0.737781954887218,81.9,8.6,11,-3.5,206.25,174,59.15,6,9.85833333333335,NA,63,364.9,53
U_123,43.75,10.5,15.75,0.666666666666667,NA,NA,NA,NA,150.5,120.5,57.85,6,9.64166666666668,8.9,51,327.1,53
U267Y,75,13,18,0.722222222222222,71,10.5,13,0,192,152.5,54.7,6,9.11666666666667,NA,76,42.4,49
Va102,63.5,10.5,15.5,0.677083333333333,76.6,10.7,10,-1,214.5,160.5,60,6,10,8.3,62,592.2,53
Va14,77,14.5,22,0.659090909090909,91.2,8.5,15,0,235,192,54.9,6,9.15,5.7,70,300.4,53
Va17,64.5,13.25,19.5,0.679605263157895,79.05,9.65,12.5,-0.5,170.75,134.75,59.2,5.5,10.6983333333334,7.25,64.5,410.4,49
Va22,85.75,14.75,20.75,0.710714285714285,71.55,9.35,12.5,-2,190.5,155.5,48.7,6,8.11666666666667,8.2,67.5,487,53
Va26,88.75,12.5,19.5,0.641447368421052,83,8.45,12,-0.5,223.5,182.5,65.2,6,10.8666666666667,8.25,66,471.1,53
Va35,81.5,14.75,20.25,0.728571428571428,72.05,8.95,13,-1.5,193.75,152.5,63.1,6,10.5166666666667,8.65,65.5,732.6,53
Va38,97.75,14.25,20.25,0.703571428571429,63.2,8.4,12,-2,202.75,174.5,67,6,11.1666666666667,8.15,66.5,460.4,53
Va52,75.25,12,17.25,0.696078431372549,83.05,8.2,11,-1,203,164.5,56.25,6,9.375,9.3,62.5,559.1,53
Va59,85.75,12.75,17.25,0.73937908496732,70.55,8.1,12,-0.5,197.25,160.25,55.3,6,9.21666666666667,8.45,63,626.1,53
Va85,117,15,22,0.681818181818182,85.9,8.35,13.5,-1.5,255.75,208.5,52.9,6,8.81666666666667,7.05,69,442,53
Va99,77.75,12.75,18.75,0.679824561403509,81.8,7.95,11,-1.5,196.5,157.25,59,6,9.83333333333334,8.75,63,714.7,53
VaW6,65.5,13.5,20,0.67505980861244,80,8.2,13.5,-0.5,150.5,121.25,50.65,6,8.44166666666666,8.55,63.5,471.5,53
W117HT,51,9.75,14.25,0.68452380952381,70,6.8,9.5,0,149,126,69.05,6,11.5083333333334,NA,52.5,352.4,53
W153R,66.75,12.75,18.5,0.689327485380117,48.35,7.9,11,-2,147.75,124,62.2,6,10.3666666666666,7.3,58,482.2,49
W182B,63.5,11.5,17.25,0.665849673202614,68.85,7.2,11.5,-0.5,198.5,166.5,51.75,6,8.625,7.5,55,383,53
W182BN,81,14.25,19,0.671052631578947,72.2,8.1,12,-1,204,171.25,55.35,5.5,9.9,6.8,57.5,514.9,53
W182E,62.25,12.25,17,0.720975232198143,NA,NA,NA,NA,183.25,149.75,48.95,6,8.15833333333333,7.25,58.5,440.7,51
W22,73.75,13.5,20,0.675219298245614,75.15,9.45,11.5,-1.5,188.5,158,53.9,6,8.98333333333333,7.6,62,422.5,53
W23,104.75,12.25,17.75,0.690359477124183,76.65,7.75,10.5,-1.5,239.75,199.25,69.85,6,11.6416666666666,8,58.5,477.2,53
W24,92.5,16.25,21.75,0.747294372294372,82,8.8,15.5,-1,195.25,161.25,59.1,6,9.85,6.85,63.5,457.9,53
W32,91.5,14.5,19.75,0.734210526315789,67.55,7.15,11,-3.5,175.75,155,67.6,6,11.2666666666667,6,61.5,415.4,53
W37A,93.25,11.5,16.75,0.686580882352942,64.15,7.65,10.5,-1,207.75,170,58.9,6,9.81666666666666,6.6,57,476.8,53
W552,40.5,10.75,15.75,0.682291666666667,66.75,6.55,11,0,162.5,117.25,69.55,6,11.5916666666667,9.15,56,543.6,53
W601S,85.25,11,15.75,0.698958333333333,71.4,7.3,9.5,-1.5,167.5,139.75,58.9,5.5,10.7416666666666,7.7,61,355.5,53
W602S,85.75,12.75,18.5,0.689327485380117,63.55,7.25,11.5,-1.5,190.5,160,57.75,5.5,10.5683333333333,8.2,59.5,381.8,53
W603S,57.75,11,16,0.6875,73.85,7.2,11.5,0.5,170.75,133,65.85,6,10.975,8.65,59.5,506.3,53
W604S,82.25,13.25,19.25,0.689108187134503,71.2,7.25,11.5,-1.5,205.75,172.5,53.9,5.5,9.87833333333333,6.95,60.5,533.3,53
W605S,103.25,14.75,19.5,0.756578947368421,78.8,7.85,12.5,-2.5,225.75,187,59.45,6,9.90833333333333,8.4,61,752.2,53
W64A,75.25,13.25,18.25,0.725877192982456,NA,7.85,NA,NA,186,147.5,49.85,6,8.30833333333333,8.3,60,391.1,53
W703,63.75,10.5,15.75,0.666666666666667,80.9,7.6,10.5,0,222.5,186.75,61.65,6,10.275,6.85,57.5,315.6,53
W802G,57.5,13,17.5,0.743464052287582,54.1,7.2,12.5,-0.5,148.5,122.5,68.3,6,11.3833333333334,NA,56,136.7,53
W809G,98,14,21,0.666666666666667,87.2,6.3,13.5,-0.5,270.5,219.75,59.95,6,9.99166666666667,9.65,69,562.9,53
W810G,81.5,13.5,18.5,0.72953216374269,78.8,7.15,12,-1.5,211.75,167,47.75,6,7.95833333333333,9.35,67,464.6,53
W811G,91,14,19.5,0.718421052631579,81.75,7.4,12,-2,198,162.25,58.4,6,9.73333333333333,6.95,66.5,305.5,53
W812G,76.5,13.5,18.5,0.72953216374269,72.3,7.5,12.5,-1,178.5,144.5,54.55,6,9.09166666666668,8.35,66.5,592.7,53
W813G,71,13.5,20.5,0.657515948963318,76.1,6.45,12.5,0,195.75,150,64.85,6,10.8083333333333,7.5,62.5,447.4,53
W814G,65.25,14.25,19,0.750365497076024,68.2,7.65,12.5,-2,142.25,109.25,61.45,6,10.2416666666667,8.4,66.5,551.1,53
W815G,112.75,13.25,17.75,0.747119023047816,77.1,8.6,11.5,-2,238.25,200.75,56.15,6,9.35833333333333,9.25,70,619.7,53
W816G,108.5,13.5,18.25,0.74015307877537,86.45,7.2,11,-2.5,234.5,185.25,55.05,6,9.175,8.35,66,652.8,53
W817G,101.5,13.75,19.25,0.714473684210526,74.9,7.5,10,-3.5,212.75,174.25,58.25,6,9.70833333333331,7.35,64.5,616.9,53
W818G,114.5,15,22,0.681818181818182,95,9.4,12,-3,227,197,47.2,6,7.86666666666667,8.9,72,567.6,49
W819G,94,12,18.25,0.657894736842106,87.25,6.8,11.5,-0.5,212.75,178.25,59.35,6,9.89166666666669,8.5,68,469.4,53
W820G,132,15.5,21.25,0.729437229437229,83.2,8.15,14,-1.5,262,213.25,62.35,6,10.3916666666666,8.85,71.5,590.7,53
W821G,90.5,14,20.75,0.675757575757576,64.7,8.65,11.5,-2.5,188.25,160,51.2,6,8.53333333333333,10,68.5,610.5,53
W8304,88,14,20,0.7,76.25,8.45,13,NA,196.75,163.5,64.4,6,10.7333333333333,8.75,66,650.4,53
W8555,98,14.5,20,0.725,92.4,7.65,13,-1.5,202.25,172.75,48.4,5.5,8.81833333333334,9.6,69,569.3,53
W9,66,12,17.25,0.695261437908497,65.05,6.15,11,-1,163,139,62.75,6,10.4583333333333,6.75,54,311.3,53
Wf9,92,14.25,20,0.7125,80.25,8.9,11.5,-3,204,169.75,62.05,6,10.3416666666667,8.4,59.5,538.5,51
WIL500,49.5,14,21.25,0.682142857142857,82.95,8.55,15,NA,137,110,64.6,6,10.7666666666666,7.25,70.5,387.8,53
WIL900,97,12.75,18.5,0.689327485380117,68.35,8.9,12,-1,213.5,169.5,54.9,6,9.15,8.8,64.5,563.7,53
WIL901,92.5,12,17.75,0.676470588235294,70.4,10.35,11.5,0,227,176.5,53.3,6,8.88333333333334,8.85,67,579.2,50
WIL903,106.5,14.25,19,0.75,73.95,10.85,13,-1,206.5,169.5,53.3,6,8.88333333333333,8.7,65,657.2,53
WR3,95.25,12.25,16.25,0.753676470588235,77.55,7.5,11,-1.5,220.75,187.25,71.45,6,11.9083333333333,NA,58,455.8,53
WU-TAN-TZAO,101.25,14.75,20.5,0.718671679197995,89.75,6.95,13,-1,210.5,174.75,55.9,6,9.31666666666667,NA,64.5,331.8,51
WXB6,81,14,19.75,0.70921052631579,77.15,7.35,13.5,-0.5,200,164,53.45,6,8.90833333333333,9.15,66,522.7,51
YANG,67.25,11.75,17.5,0.672385620915033,67.55,6.75,11,-1,183.75,155,56.8,6,9.46666666666667,7.7,54,302.8,53
YE_4,100.25,16.25,22.25,0.731037078863166,78.425,7.15,13.5,-2,178,149.75,49.1,6,8.18333333333334,NA,63,267.3,53
YE-CHI-HUNG,112.75,15.25,20.25,0.753320802005013,74.35,7.1,13.5,-2,216.5,182.25,55.2,6,9.2,8.35,58,474.9,50
YELLOW_3-4,84.5,16,20.25,0.788755980861244,65.7,7.5,12,-4,172.75,142.75,56.9,6,9.48333333333333,7.65,58.5,333.1,51
YING-55,90.75,12,16.5,0.727941176470589,78,7.2,11,-1,207.5,167.5,44.1,6,7.35,8.45,60,497.2,53
Yong_28,103,16.5,21.25,0.776515151515152,73.75,8.15,14.5,-2.5,199.25,162.25,58.4,6,9.73333333333333,7.85,67,421.5,53
Yu796_NS,47,10.75,16.25,0.659722222222222,70.6,7.8,11,-0.5,168.75,131.75,62.25,6,10.375,8.65,59.5,402.3,53
ZS01250,69.75,11.75,16.75,0.701286764705883,60.65,6.25,11.5,-0.5,185.5,150,54.45,6,9.075,NA,55,536.8,53
ZS1791,51.75,12.25,18.75,0.653508771929824,68.1,7.8,12.5,0.5,161.25,124.25,59.6,6,9.93333333333335,8.75,62,845.6,53
ZS635,65.75,12.5,18.75,0.666666666666667,71.1,7.85,12.5,0,171.75,137,58.75,6,9.79166666666669,7.45,62,379.4,53
